scenario,portfolio,contributions,final_value,final_cash,profit,return_pct,xirr,max_drawdown,fees,slippage,trades,dividends,last_date,BTC_final_units,ETH_final_units,VOO_final_units,VT_final_units
zero_costs,A_Crypto_DCA_zero_costs,6000.0,10013.90692009911,0.0,4013.9069200991107,0.6689844866831851,0.20614476934455073,-0.7531919791948312,0.0,0.0,120,0.0,2026-09-25,0.08460797513957023,1.0768190996990672,,
zero_costs,B_S&P500_VOO_zero_costs,6000.0,9541.341247731767,4.263256414560601e-14,3541.341247731767,0.5902235412886279,0.18625658762033423,-0.2440753853101275,0.0,0.0,60,244.31698711154468,2026-09-25,,,13.423572711675414,
zero_costs,E_VOO_BTC_zero_costs,6000.0,10004.916285904781,-1.4210854715202004e-14,4004.916285904781,0.6674860476507969,0.20577428571935938,-0.34245729605346387,0.0,0.0,120,195.45358968923574,2026-09-25,0.02820265837985675,,10.738858169340329,
zero_costs,F_VOO_BTC_ETH_zero_costs,6000.0,9545.836564828933,-7.105427357601002e-15,3545.8365648289328,0.5909727608048221,0.18644988443644864,-0.4596631473422619,0.0,0.0,180,146.5901922669268,2026-09-25,0.02820265837985675,0.5384095498495336,8.05414362700525,
zero_costs,G_VT_BTC_zero_costs,6000.0,9790.85767049071,-1.4210854715202004e-14,3790.85767049071,0.6318096117484517,0.19686451503344887,-0.37004784959943215,0.0,0.0,120,289.2130146231436,2026-09-25,0.02820265837985675,,,46.36014736469001
base,A_Crypto_DCA_base,6000.0,9998.903565299379,-9.023892744153272e-13,3998.903565299379,0.6664839275498964,0.20552634947648182,-0.7541850666459432,5.9940059940059935,2.9955052443808077,120,0.0,2026-09-25,0.08448121108234116,1.0752057534659918,,
base,B_S&P500_VOO_base,6000.0,9536.572961251142,-8.526512829121202e-14,3536.5729612511423,0.5894288268751904,0.1860514641508652,-0.24458629522803377,0.0,2.9985007496251876,60,244.1948896667113,2026-09-25,,,13.416864279535648,
base,E_VOO_BTC_base,6000.0,9997.54803807184,1.0658141036401503e-14,3997.54803807184,0.6662580063453067,0.20547043556323288,-0.3433834150419218,1.1988011988011986,2.997901648576312,120,195.35591173336903,2026-09-25,0.028160403694113732,,10.733491423628516,
base,F_VOO_BTC_ETH_base,6000.0,9537.250724864913,-3.446132268436486e-13,3537.2507248649126,0.5895417874774855,0.18608062596825728,-0.4606677089149749,2.397602397602398,2.997302547527436,180,146.5169338000268,2026-09-25,0.028160403694113732,0.5376028767329959,8.050118567721388,
base,G_VT_BTC_base,6000.0,9783.59639847756,-3.552713678800501e-15,3783.596398477561,0.6305993997462602,0.1965592405043312,-0.3709569469624806,1.1988011988011986,2.9979016485763115,120,289.068480382952,2026-09-25,0.028160403694113732,,,46.33697887525235
double_costs,A_Crypto_DCA_double_costs,6000.0,9983.935146788457,2.5579538487363607e-13,3983.935146788457,0.6639891911314095,0.2049085445768549,-0.755175205192474,11.97604790419162,5.9820419101856235,120,0.0,2026-09-25,0.08435474220347544,1.0735961640146954,,
double_costs,B_S&P500_VOO_double_costs,6000.0,9531.809438293476,9.947598300641403e-14,3531.809438293476,0.588634906382246,0.18584645394360147,-0.24509690293735598,0.0,5.9940059940059935,60,244.07291419734736,2026-09-25,,,13.41016254912629,
double_costs,E_VOO_BTC_double_costs,6000.0,9990.191875889732,0.0,3990.191875889732,0.6650319793149553,0.20516688454000684,-0.344308341460307,2.3952095808383236,5.99161317724192,120,195.25833135787784,2026-09-25,0.028118247401158463,,10.72813003930103,
double_costs,F_VOO_BTC_ETH_double_costs,6000.0,9528.681073742837,8.526512829121202e-14,3528.681073742837,0.5881135122904728,0.1857117670153939,-0.46167065642959815,4.790419161676647,5.989220360477847,180,146.4437485184084,2026-09-25,0.028118247401158463,0.5367980820073477,8.046097529475777,
double_costs,G_VT_BTC_double_costs,6000.0,9776.347105246305,0.0,3776.3471052463046,0.6293911842077173,0.19625426766476997,-0.37186484311738177,2.3952095808383236,5.99161317724192,120,288.924090532611,2026-09-25,0.028118247401158463,,,46.313833531158856
