date,asset,cash_dividend,reinvested_units
2024-06-10 00:00:00+00:00,GOOGL,5.430766036477173,0.031031175569836998
2024-09-09 00:00:00+00:00,GOOGL,5.78445211664129,0.038897532893828864
2024-12-09 00:00:00+00:00,GOOGL,6.151756151977739,0.03507872584807971
2025-03-10 00:00:00+00:00,GOOGL,6.480095479579614,0.03906731464146388
2025-06-09 00:00:00+00:00,GOOGL,7.192376821416519,0.04084489080252438
2025-09-08 00:00:00+00:00,GOOGL,7.53233161565516,0.03218394981907007
2025-12-08 00:00:00+00:00,GOOGL,7.76794722030759,0.02476076507811931
2026-03-09 00:00:00+00:00,GOOGL,7.972159060718445,0.026022193043212054
2026-06-08 00:00:00+00:00,GOOGL,8.557238600622131,0.023553545458760098
2026-09-04 00:00:00+00:00,GOOGL,8.759135165066144,0.025879380621243706
