date,asset,side,qty,price,notional,fee,kind
2022-03-29 00:00:00+00:00,BTCUSDT,OPEN,0.04454308886200509,47145.3609,2100.0,2.1,sma_entry
2022-04-01 00:00:00+00:00,BTCUSDT,SMA_CLOSE,0.04454308886200509,45483.14705000001,2025.9598607717949,2.025959860771795,sma
2022-04-02 00:00:00+00:00,ETHUSDT,OPEN,0.4050858921484304,3456.0571649999997,1400.0,1.4000000000000001,sma_entry
2022-04-04 00:00:00+00:00,BTCUSDT,OPEN,0.03663047589502368,46415.49615,1700.2217128781397,1.7002217128781396,sma_entry
2022-04-06 00:00:00+00:00,BTCUSDT,SMA_CLOSE,0.03663047589502368,45454.76125,1665.0295362821817,1.6650295362821816,sma
2022-04-06 00:00:00+00:00,ETHUSDT,SMA_CLOSE,0.4050858921484304,3403.3274850000003,1378.639950534499,1.3786399505344988,sma
2022-10-27 00:00:00+00:00,ETHUSDT,OPEN,1.7069878297977576,1566.2327249999998,2673.5402002059777,2.6735402002059776,sma_entry
2022-11-05 00:00:00+00:00,BTCUSDT,OPEN,0.1703491418991277,21148.168799999996,3602.572407817904,3.602572407817904,sma_entry
2022-11-07 00:00:00+00:00,BTCUSDT,SMA_CLOSE,0.1703491418991277,20889.550000000003,3558.5169171589237,3.558516917158924,sma
2022-11-08 00:00:00+00:00,ETHUSDT,SL,1.7069878297977576,1420.3590573700317,2424.5356248736593,2.4245356248736596,sl
2023-01-12 00:00:00+00:00,ETHUSDT,OPEN,1.2838835061202687,1389.9446249999999,1784.5269784580219,1.784526978458022,sma_entry
2023-01-13 00:00:00+00:00,BTCUSDT,OPEN,0.208913667829486,18847.51905,3937.5043342216095,3.9375043342216096,sma_entry
2023-01-14 00:00:00+00:00,BTCUSDT,TP,0.208913667829486,20429.860228143367,4268.07703350517,4.26807703350517,tp
2023-01-14 00:00:00+00:00,ETHUSDT,TP,1.2838835061202687,1553.0069243275452,1993.8799750347036,1.9938799750347036,tp
2023-06-17 00:00:00+00:00,BTCUSDT,OPEN,0.2669998027288089,26349.06795,7035.195944737981,7.035195944737981,sma_entry
2023-06-21 00:00:00+00:00,BTCUSDT,TP,0.2669998027288089,30112.848188304648,8040.124525879912,8.040124525879913,tp
2023-06-21 00:00:00+00:00,ETHUSDT,OPEN,2.1190512913346335,1792.2656849999998,3797.9029142140016,3.7979029142140015,sma_entry
2023-06-27 00:00:00+00:00,ETHUSDT,ADD,2.1248634199059158,1859.06907,3950.2678619215103,3.9502678619215104,sma_entry
2023-07-27 00:00:00+00:00,ETHUSDT,ADD,2.0845221775895784,1871.905485,3902.0284978340756,3.902028497834076,sma_entry
2023-08-04 00:00:00+00:00,ETHUSDT,SMA_CLOSE,6.328436888830128,1833.7726550000002,11604.914515629964,11.604914515629964,sma
2023-08-09 00:00:00+00:00,ETHUSDT,OPEN,1.8855233807447735,1856.28768,3500.073822028472,3.500073822028472,sma_entry
2023-08-11 00:00:00+00:00,ETHUSDT,SMA_CLOSE,1.8855233807447735,1850.5042850000002,3489.1690955358904,3.4891690955358903,sma
2023-10-02 00:00:00+00:00,BTCUSDT,OPEN,0.47021086416382357,27995.3907,13163.73685365087,13.16373685365087,sma_entry
2023-10-03 00:00:00+00:00,BTCUSDT,SMA_CLOSE,0.47021086416382357,27463.961150000003,12913.85290570318,12.91385290570318,sma
2023-10-07 00:00:00+00:00,BTCUSDT,OPEN,0.4217130703949376,27930.258149999998,11778.55492135973,11.77855492135973,sma_entry
2023-10-10 00:00:00+00:00,BTCUSDT,SMA_CLOSE,0.4217130703949376,27564.610800000002,11624.356654709458,11.624356654709459,sma
2023-10-17 00:00:00+00:00,BTCUSDT,OPEN,0.3814118785600249,28500.543149999998,10870.445702822548,10.870445702822549,sma_entry
2023-10-23 00:00:00+00:00,BTCUSDT,TP,0.3814118785600249,31865.14189540302,12153.743630907418,12.15374363090742,tp
2023-10-24 00:00:00+00:00,ETHUSDT,OPEN,2.1526838379393105,1767.2331749999998,3804.294293692673,3.804294293692673,sma_entry
2023-10-27 00:00:00+00:00,ETHUSDT,ADD,2.1992612928990503,1804.2116549999998,3967.932857038835,3.9679328570388352,sma_entry
2023-11-09 00:00:00+00:00,ETHUSDT,TP,4.351945130838361,2035.233382420604,8857.224008745035,8.857224008745035,tp
2024-05-13 00:00:00+00:00,ETHUSDT,OPEN,3.527144668595078,2929.1938649999997,10331.69052421616,10.33169052421616,sma_entry
2024-05-15 00:00:00+00:00,ETHUSDT,SMA_CLOSE,3.527144668595078,2879.429565,10156.164638784794,10.156164638784794,sma
2024-05-16 00:00:00+00:00,ETHUSDT,OPEN,3.0747332607577658,3032.185335,9323.161102306429,9.323161102306429,sma_entry
2024-05-20 00:00:00+00:00,ETHUSDT,TP,3.0747332607577658,3618.995288266862,11127.44518335976,11.12744518335976,tp
2024-07-16 00:00:00+00:00,BTCUSDT,OPEN,0.30691924112698216,64712.940299999995,19861.646527971698,19.861646527971697,sma_entry
2024-07-16 00:00:00+00:00,ETHUSDT,OPEN,5.341467901265132,3483.3608099999997,18606.259955139907,18.606259955139908,sma_entry
2024-07-18 00:00:00+00:00,BTCUSDT,SMA_CLOSE,0.30691924112698216,64023.77210000001,19650.127547018856,19.650127547018855,sma
2024-07-18 00:00:00+00:00,ETHUSDT,SMA_CLOSE,5.341467901265132,3384.3169950000006,18077.22059649857,18.07722059649857,sma
2024-07-19 00:00:00+00:00,ETHUSDT,OPEN,4.593715714575666,3426.7024949999995,15741.297100457141,15.74129710045714,sma_entry
2024-07-20 00:00:00+00:00,BTCUSDT,OPEN,0.2790339118056448,66661.21394999999,18600.739294181516,18.600739294181516,sma_entry
2024-07-25 00:00:00+00:00,ETHUSDT,SMA_CLOSE,4.593715714575666,3332.5628850000003,15308.846494636118,15.308846494636118,sma
2024-07-27 00:00:00+00:00,BTCUSDT,ADD,0.2750629568048117,67916.44125,18681.29714588528,18.68129714588528,sma_entry
2024-08-01 00:00:00+00:00,BTCUSDT,SMA_CLOSE,0.5540968686104565,64569.49910000001,35777.757259055696,35.7777572590557,sma
2024-09-20 00:00:00+00:00,BTCUSDT,OPEN,0.1747514960235962,62958.36345,11002.068200084797,11.002068200084798,sma_entry
2024-09-27 00:00:00+00:00,BTCUSDT,ADD,0.17169152027355594,65171.66954999999,11189.423023805311,11.189423023805311,sma_entry
2024-10-02 00:00:00+00:00,BTCUSDT,SMA_CLOSE,0.34644301629715213,60746.31165,21045.135436952834,21.045135436952833,sma
2024-10-13 00:00:00+00:00,BTCUSDT,OPEN,0.08207139320862862,63207.587999999996,5187.534808516995,5.187534808516995,sma_entry
2024-10-27 00:00:00+00:00,BTCUSDT,ADD,0.07971849745809949,67105.43594999998,5349.544525204732,5.349544525204732,sma_entry
2024-10-29 00:00:00+00:00,BTCUSDT,TP,0.1617898906667281,73116.982195599,11829.58855530707,11.829588555307069,tp
2024-11-08 00:00:00+00:00,ETHUSDT,OPEN,4.877418302401508,2897.20788,14130.89473977387,14.13089473977387,sma_entry
2024-11-12 00:00:00+00:00,ETHUSDT,TP,4.877418302401508,3412.7686068608878,16645.50006496459,16.64550006496459,tp
2025-03-03 00:00:00+00:00,BTCUSDT,OPEN,0.1367626185746596,94269.11099999999,12892.490471065246,12.892490471065246,sma_entry
2025-03-04 00:00:00+00:00,BTCUSDT,SMA_CLOSE,0.1367626185746596,86150.20335000001,11782.127400885412,11.782127400885413,sma
2025-03-06 00:00:00+00:00,BTCUSDT,OPEN,0.07965438912104819,90611.38305,7217.594364261051,7.217594364261051,sma_entry
2025-03-07 00:00:00+00:00,BTCUSDT,SMA_CLOSE,0.07965438912104819,89842.95605,7156.38578099193,7.15638578099193,sma
2025-04-23 00:00:00+00:00,BTCUSDT,OPEN,0.07640023133346478,93451.60244999999,7139.724045662983,7.139724045662984,sma_entry
2025-04-27 00:00:00+00:00,BTCUSDT,ADD,0.07829980919650695,94622.98784999999,7408.961894258395,7.408961894258395,sma_entry
2025-05-11 00:00:00+00:00,ETHUSDT,OPEN,10.661729812214906,2583.19095,27541.28396225875,27.54128396225875,sma_entry
2025-05-12 00:00:00+00:00,ETHUSDT,SMA_CLOSE,10.661729812214906,2512.22326,26784.64562608172,26.784645626081723,sma
2025-05-14 00:00:00+00:00,ETHUSDT,OPEN,8.752555020783667,2679.91929,23456.1410369845,23.4561410369845,sma_entry
2025-05-18 00:00:00+00:00,ETHUSDT,SMA_CLOSE,8.752555020783667,2472.8529550000003,21643.78154694498,21.643781546944982,sma
2025-05-19 00:00:00+00:00,BTCUSDT,TP,0.15470004052997172,106707.02099569167,16507.580472866044,16.507580472866046,tp
2025-05-19 00:00:00+00:00,ETHUSDT,OPEN,5.643574364338527,2498.22849,14098.938262424148,14.098938262424149,sma_entry
2025-05-27 00:00:00+00:00,ETHUSDT,ADD,5.509767341777226,2563.7012099999997,14125.397200932757,14.125397200932758,sma_entry
2025-06-21 00:00:00+00:00,ETHUSDT,LIQUIDATION,11.153341706115754,2301.088935568619,0.0,0.0,liquidation
2025-06-27 00:00:00+00:00,ETHUSDT,OPEN,0.08278840298974671,2415.797295,200.0,0.2,sma_entry
2025-07-10 00:00:00+00:00,ETHUSDT,TP,0.08278840298974671,2999.114456200394,248.2918962122933,0.2482918962122933,tp
2025-09-29 00:00:00+00:00,BTCUSDT,OPEN,0.16429584453087973,112175.75984999999,18430.0112004489,18.4300112004489,sma_entry
2025-10-03 00:00:00+00:00,BTCUSDT,TP,0.16429584453087973,121626.24543390772,19982.686710683924,19.982686710683925,tp
2025-10-13 00:00:00+00:00,BTCUSDT,OPEN,0.2254657584696849,114951.94725,25917.727974288457,25.917727974288457,sma_entry
2025-10-16 00:00:00+00:00,BTCUSDT,SMA_CLOSE,0.2254657584696849,110643.75045,24946.37711513979,24.94637711513979,sma
2025-10-27 00:00:00+00:00,BTCUSDT,OPEN,0.18443409247947534,114555.14894999999,21127.87493544437,21.12787493544437,sma_entry
2025-10-30 00:00:00+00:00,BTCUSDT,SMA_CLOSE,0.18443409247947534,109930.60720000001,20274.95177464968,20.27495177464968,sma
2026-05-03 00:00:00+00:00,BTCUSDT,OPEN,0.23410130110140337,78692.1264,18421.92917667609,18.42192917667609,sma_entry
2026-05-19 00:00:00+00:00,BTCUSDT,SMA_CLOSE,0.23410130110140337,76924.7184,18008.176664299062,18.008176664299064,sma
2026-05-21 00:00:00+00:00,BTCUSDT,OPEN,0.20801406991299207,77549.05515,16131.294579658577,16.13129457965858,sma_entry
2026-05-23 00:00:00+00:00,BTCUSDT,SMA_CLOSE,0.20801406991299207,75475.34345000001,15699.933369115392,15.699933369115392,sma
2026-05-25 00:00:00+00:00,BTCUSDT,OPEN,0.17909616354766608,77068.81515,13802.729122529245,13.802729122529245,sma_entry
2026-05-27 00:00:00+00:00,BTCUSDT,SMA_CLOSE,0.17909616354766608,75867.6472,13587.604550907832,13.587604550907832,sma
2026-08-20 00:00:00+00:00,BTCUSDT,OPEN,0.19408676894727703,69344.75505,13458.899451094872,13.458899451094872,sma_entry
2026-08-20 00:00:00+00:00,ETHUSDT,OPEN,1.3478591507473037,2253.296085,3037.1257475103243,3.0371257475103244,sma_entry
2026-08-21 00:00:00+00:00,BTCUSDT,TP,0.19408676894727703,75799.55254523858,14711.690241154703,14.711690241154704,tp
2026-08-27 00:00:00+00:00,ETHUSDT,TP,1.3478591507473037,2550.1969065546464,3437.3062367071466,3.4373062367071467,tp
