portfolio,contributions,final_value,final_cash,profit,return_pct,xirr,max_drawdown,fees,slippage,trades,dividends,last_date,BTC_final_units,ETH_final_units,VOO_final_units,VTI_final_units,VT_final_units,AAPL_final_units,MSFT_final_units,NVDA_final_units,GOOGL_final_units
A_Crypto_DCA,6000.0,9998.903565299379,-9.023892744153272e-13,3998.903565299379,0.6664839275498964,0.20552634947648182,-0.7541850666459432,5.9940059940059935,2.9955052443808077,120,0.0,2026-09-25,0.08448121108234116,1.0752057534659918,,,,,,,
A_Crypto_DCA_annual_rebalance,6000.0,9766.421909197183,-1.0658141036401503e-13,3766.4219091971827,0.6277369848661971,0.1958363936752059,-0.7541850666459432,8.173343062573814,4.085174595916321,128,0.0,2026-09-25,0.0706741630669711,1.4202375165817276,,,,,,,
B_S&P500_VOO,6000.0,9536.572961251142,-8.526512829121202e-14,3536.5729612511423,0.5894288268751904,0.1860514641508652,-0.24458629522803377,0.0,2.9985007496251876,60,244.1948896667113,2026-09-25,,,13.416864279535648,,,,,,
C_Total_US_VTI,6000.0,9394.546138917214,-2.842170943040401e-14,3394.546138917214,0.5657576898195358,0.17989922625481303,-0.253815317648874,0.0,2.9985007496251876,60,238.8691022555074,2026-09-25,,,,24.737462513935316,,,,,
D_Global_VT,6000.0,9269.1334117583,1.2789769243681803e-13,3269.133411758299,0.5448555686263832,0.17439700416474638,-0.2628988113900197,0.0,2.9985007496251876,60,361.3356004786902,2026-09-25,,,,,57.92122359406548,,,,
E_VOO_BTC,6000.0,9997.54803807184,1.0658141036401503e-14,3997.54803807184,0.6662580063453067,0.20547043556323288,-0.3433834150419218,1.1988011988011986,2.997901648576312,120,195.35591173336903,2026-09-25,0.028160403694113732,,10.733491423628516,,,,,,
E_VOO_BTC_annual_rebalance,6000.0,10339.28815861977,-3.552713678800501e-15,4339.288158619769,0.7232146931032948,0.21935752289710245,-0.3433834150419218,2.490038230719173,4.288856202634758,128,214.7058270718791,2026-09-25,0.021732892261992116,,11.974777552744348,,,,,,
F_VOO_BTC_ETH,6000.0,9537.250724864913,-3.446132268436486e-13,3537.2507248649126,0.5895417874774855,0.18608062596825728,-0.4606677089149749,2.397602397602398,2.997302547527436,180,146.5169338000268,2026-09-25,0.028160403694113732,0.5376028767329959,8.050118567721388,,,,,,
F_VOO_BTC_ETH_annual_rebalance,6000.0,9816.670946653658,-8.881784197001252e-14,3816.6709466536577,0.6361118244422763,0.19794810864839302,-0.4606677089149749,3.9534798572051426,4.514153765572052,192,161.91114823338123,2026-09-25,0.021390840522621267,0.6455775895416356,8.835321792404864,,,,,,
G_VT_BTC,6000.0,9783.59639847756,-3.552713678800501e-15,3783.596398477561,0.6305993997462602,0.1965592405043312,-0.3709569469624806,1.1988011988011986,2.9979016485763115,120,289.068480382952,2026-09-25,0.028160403694113732,,,,46.33697887525235,,,,
G_VT_BTC_annual_rebalance,6000.0,10166.800289210978,-6.039613253960852e-14,4166.800289210978,0.6944667148684964,0.2124001954465317,-0.3709569469624806,2.5884679622723317,4.387271373564973,128,322.1236541821669,2026-09-25,0.02132737951881148,,,,52.32248881430186,,,,
AAPL_only,6000.0,10797.948526287953,-2.842170943040401e-14,4797.948526287953,0.7996580877146588,0.23736782658070293,-0.33337362997266407,0.0,2.9985007496251876,60,90.31416932731132,2026-09-25,,,,,,31.65903927723914,,,
MSFT_only,6000.0,8978.150749091566,2.842170943040401e-14,2978.1507490915665,0.4963584581819278,0.16136891309212595,-0.3672580106547274,0.0,2.9985007496251876,60,156.66830189076632,2026-09-25,,,,,,,17.393786444565873,,
NVDA_only,6000.0,32389.180656429104,-5.684341886080802e-14,26389.180656429104,4.398196776071518,0.7294161668302899,-0.6614645075614443,0.0,2.9985007496251876,60,112.43378554852492,2026-09-25,,,,,,,,143.90714291744393,
GOOGL_only,6000.0,13701.817554626661,-1.4210854715202004e-14,7701.817554626661,1.2836362591044437,0.3378422293208511,-0.4409056235409763,0.0,2.9985007496251876,60,71.6282582684618,2026-09-25,,,,,,,,,39.8401301309219
B_S&P500_VOO_SMA150,6000.0,8658.987249094933,-2.842170943040401e-14,2658.987249094933,0.4431645415158221,0.14663510316213554,-0.20302612666928244,0.0,46.94422736341568,84,172.42536952889927,2026-09-25,,,12.182201844560185,,,,,,
B_S&P500_VOO_SMA200,6000.0,8406.45572551101,-2.842170943040401e-14,2406.4557255110103,0.40107595425183495,0.1346262182937794,-0.22677840264229732,0.0,33.643601943665864,75,187.25047281330657,2026-09-25,,,11.82691895709142,,,,,,
C_Total_US_VTI_SMA150,6000.0,8209.05156508636,-1.4210854715202004e-14,2209.05156508636,0.36817526084772667,0.1250097068713875,-0.2064023641911087,0.0,48.351658148026004,84,147.41615190931282,2026-09-25,,,,21.615850554510256,,,,,
C_Total_US_VTI_SMA200,6000.0,8165.684478348529,-1.4210854715202004e-14,2165.6844783485294,0.3609474130580883,0.12286907942874856,-0.21587387256683477,0.0,37.29856943968854,75,165.69402843266224,2026-09-25,,,,21.501657525208756,,,,,
A_Crypto_DCA_SMA150,6000.0,12573.362373790318,-2.1316282072803006e-14,6573.362373790318,1.0955603956317197,0.30124967548492126,-0.4742910352599323,208.10530509755543,104.05123058791162,156,0.0,2026-09-25,0.09023658733274756,1.851853084760467,,,,,,,
A_Crypto_DCA_SMA200,6000.0,10112.127366339113,-1.3855583347321954e-12,4112.127366339113,0.6853545610565188,0.2101730137994234,-0.44072197308024064,107.203271396647,53.600175899185324,108,0.0,2026-09-25,0.07257135249988457,1.489397552696099,,,,,,,
