portfolio,contributions,final_value,final_cash,profit,return_pct,xirr,max_drawdown,fees,slippage,trades,dividends,last_date,BTC_final_units,ETH_final_units,VOO_final_units,VT_final_units
A_Crypto_DCA_start2020,7200.0,13678.339106743595,-1.0729195309977513e-12,6478.339106743595,0.8997693203810548,0.2128447862737742,-0.766022279353775,7.192807192807194,3.5946062932569687,144,0.0,2026-09-25,0.1119017382383307,1.5854466434280472,,
B_S&P500_VOO_start2020,7200.0,12103.071229852783,-8.526512829121202e-14,4903.071229852783,0.680982115257331,0.17183659318104685,-0.24483451616056928,0.0,3.5982008995502257,72,366.44440569868823,2026-09-25,,,17.027632957487842,
F_VOO_BTC_ETH_start2020,7200.0,12532.523113479088,-4.298783551348606e-13,5332.523113479088,0.7406282102054289,0.1834943574894481,-0.55624237968445,2.8771228771228774,3.5967630570329234,216,219.86664341921283,2026-09-25,0.037300579412776896,0.7927233217140236,10.216579774492695,
G_VT_BTC_start2020,7200.0,12355.21897207269,-3.552713678800501e-15,5155.218972072689,0.7160026350100956,0.1787278663193633,-0.41150237713169513,1.4385614385614387,3.597481978291574,144,418.24052604088183,2026-09-25,0.037300579412776896,,,57.603203252289866
A_Crypto_DCA_start2021,6000.0,9998.903565299379,-9.023892744153272e-13,3998.903565299379,0.6664839275498964,0.20552634947648182,-0.7541850666459432,5.9940059940059935,2.9955052443808077,120,0.0,2026-09-25,0.08448121108234116,1.0752057534659918,,
B_S&P500_VOO_start2021,6000.0,9536.572961251142,-8.526512829121202e-14,3536.5729612511423,0.5894288268751904,0.1860514641508652,-0.24458629522803377,0.0,2.9985007496251876,60,244.1948896667113,2026-09-25,,,13.416864279535648,
F_VOO_BTC_ETH_start2021,6000.0,9537.250724864913,-3.446132268436486e-13,3537.2507248649126,0.5895417874774855,0.18608062596825728,-0.4606677089149749,2.397602397602398,2.997302547527436,180,146.5169338000268,2026-09-25,0.028160403694113732,0.5376028767329959,8.050118567721388,
G_VT_BTC_start2021,6000.0,9783.59639847756,-3.552713678800501e-15,3783.596398477561,0.6305993997462602,0.1965592405043312,-0.3709569469624806,1.1988011988011986,2.9979016485763115,120,289.068480382952,2026-09-25,0.028160403694113732,,,46.33697887525235
A_Crypto_DCA_start2022,4800.0,7626.868702843214,-7.034373084024992e-13,2826.868702843214,0.588930979759003,0.23672806477489702,-0.5741312825390352,4.795204795204795,2.396404195504646,96,0.0,2026-09-25,0.06302446779745174,0.8643568686853595,,
B_S&P500_VOO_start2022,4800.0,7238.147843917155,-7.105427357601002e-14,2438.147843917155,0.5079474674827407,0.20896545251241097,-0.1873448204030641,0.0,2.3988005997001505,48,151.84168222050715,2026-09-25,,,10.183243776526337,
F_VOO_BTC_ETH_start2022,4800.0,7272.930205851731,-2.877698079828406e-13,2472.9302058517314,0.5151937928857775,0.21149815964904076,-0.30999992486902617,1.9180819180819184,2.397842038021948,144,91.10500933230429,2026-09-25,0.021008155932483927,0.4321784343426798,6.109946265915802,
G_VT_BTC_start2022,4800.0,7458.6078004562,-3.552713678800501e-15,2658.6078004561996,0.5538766250950415,0.22485477275657065,-0.1981316560422547,0.9590409590409591,2.3983213188610497,96,185.01644942353116,2026-09-25,0.021008155932483927,,,35.56721925023971
