date,asset,side,units,price,notional,fee,slippage,kind
2021-09-27 00:00:00+00:00,BTC,BUY,0.0013880643102348689,43182.480449999995,59.94005994005995,0.05994005994005996,0.02995505244380808,trade
2021-09-27 00:00:00+00:00,ETH,BUY,0.013055040899102241,3060.8896799999998,39.96003996003997,0.039960039960039974,0.019970034962538716,trade
2021-09-29 00:00:00+00:00,BTC,SELL,0.0013880643102348689,41004.497495,56.916879531924586,0.056916879531924584,0.028472676104014303,trade
2021-09-30 00:00:00+00:00,BTC,BUY,0.0013672665350050856,41545.052145,56.80315949289975,0.056803159492899755,0.028387386053423166,trade
2021-10-27 00:00:00+00:00,BTC,BUY,0.0009930596159217484,60358.97440499999,59.94005994005994,0.059940059940059943,0.02995505244380807,trade
2021-10-27 00:00:00+00:00,ETH,BUY,0.009667161220344427,4133.58576,39.96003996003994,0.039960039960039946,0.019970034962538706,trade
2021-11-29 00:00:00+00:00,BTC,BUY,0.0010460099510905413,57303.527445,59.94005994005994,0.059940059940059943,0.029955052443808066,trade
2021-11-29 00:00:00+00:00,ETH,BUY,0.009299699384385525,4296.917385000001,39.960039960039964,0.03996003996003997,0.019970034962538713,trade
2021-12-06 00:00:00+00:00,BTC,SELL,0.003406336102017375,49371.62184,168.1763378887415,0.1681763378887415,0.08413023406140145,trade
2021-12-07 00:00:00+00:00,BTC,BUY,0.0033257353460271247,50467.130955,167.84032122962316,0.16784032122962317,0.08387822150405956,trade
2021-12-10 00:00:00+00:00,BTC,SELL,0.0033257353460271247,47512.13205000001,158.0127769237932,0.1580127769237932,0.07904591141760539,trade
2021-12-27 00:00:00+00:00,ETH,BUY,0.00982881306956135,4065.601785,39.96003996003995,0.03996003996003995,0.01997003496253871,trade
2021-12-30 00:00:00+00:00,ETH,SELL,0.04185071457339354,3628.3649100000002,151.84966421652675,0.15184966421652676,0.07596281351502088,trade
2022-01-03 00:00:00+00:00,ETH,BUY,0.03956796774844962,3830.024055,151.5462682840262,0.1515462682840262,0.07573526650875874,trade
2022-01-04 00:00:00+00:00,ETH,SELL,0.03956796774844962,3764.007055,148.93410975717683,0.14893410975717683,0.07450430703210446,trade
2022-03-29 00:00:00+00:00,BTC,BUY,0.008430391475724055,47145.771105,397.45730684002945,0.39745730684002945,0.1986293387506394,trade
2022-04-01 00:00:00+00:00,BTC,SELL,0.008430391475724055,45487.594825,383.4782316638696,0.38347823166386963,0.1918350333486091,trade
2022-04-04 00:00:00+00:00,BTC,BUY,0.008242674890369001,46430.56368,382.71204139081493,0.38271204139081494,0.19126039050015736,trade
2022-04-04 00:00:00+00:00,ETH,BUY,0.07620388646882478,3523.66095,268.5166589884313,0.2685166589884313,0.134191233877277,trade
2022-04-06 00:00:00+00:00,BTC,SELL,0.008242674890369001,45474.79123,374.8339198162935,0.3748339198162935,0.18751071526577962,trade
2022-04-06 00:00:00+00:00,ETH,SELL,0.07620388646882478,3405.2965000000004,259.4968278786864,0.25949682787868644,0.129813320599643,trade
2022-10-27 00:00:00+00:00,ETH,BUY,0.34380051063433265,1566.8930549999998,538.6986324183894,0.5386986324183893,0.26921470885476734,trade
2022-11-09 00:00:00+00:00,ETH,SELL,0.34380051063433265,1334.1126100000001,458.6685965617023,0.45866859656170234,0.22944902279224727,trade
2023-01-12 00:00:00+00:00,ETH,BUY,0.3867882207661329,1390.0947,537.6722557094313,0.5376722557094313,0.26870177696623254,trade
2023-01-13 00:00:00+00:00,BTC,BUY,0.04844842183151102,18856.043309999997,913.5455403561211,0.9135455403561211,0.45654449792909607,trade
2023-01-27 00:00:00+00:00,BTC,BUY,0.002603694749273284,23021.154825,59.94005994005983,0.05994005994005983,0.029955052443808014,trade
2023-01-27 00:00:00+00:00,ETH,BUY,0.02494570535206068,1601.8805399999999,39.96003996003985,0.03996003996003985,0.019970034962538658,trade
2023-02-27 00:00:00+00:00,BTC,BUY,0.0025434296922976006,23566.627425,59.94005994005994,0.059940059940059943,0.02995505244380807,trade
2023-02-27 00:00:00+00:00,ETH,BUY,0.024333373904163853,1642.1906849999998,39.96003996003996,0.03996003996003996,0.019970034962538713,trade
2023-03-27 00:00:00+00:00,BTC,BUY,0.0021420908818318095,27982.034024999997,59.940059940059946,0.05994005994005995,0.02995505244380807,trade
2023-03-27 00:00:00+00:00,ETH,BUY,0.022515654906237973,1774.76694,39.96003996003996,0.03996003996003996,0.01997003496253871,trade
2023-04-27 00:00:00+00:00,BTC,BUY,0.002108375627615137,28429.497645,59.94005994005993,0.05994005994005994,0.029955052443808066,trade
2023-04-27 00:00:00+00:00,ETH,BUY,0.021403995651190198,1866.9430049999999,39.96003996003996,0.03996003996003996,0.019970034962538713,trade
2023-05-30 00:00:00+00:00,BTC,BUY,0.0021599820628285128,27750.258195,59.94005994005994,0.059940059940059943,0.029955052443808066,trade
2023-05-30 00:00:00+00:00,ETH,BUY,0.021103281160877854,1893.5462999999997,39.96003996003996,0.03996003996003996,0.019970034962538713,trade
2023-06-13 00:00:00+00:00,ETH,SELL,0.5010902317406635,1741.698715,872.7482127217658,0.8727482127217657,0.436592402562164,trade
2023-06-15 00:00:00+00:00,BTC,SELL,0.06000599484535736,25116.0357,1507.1127087500115,1.5071127087500116,0.7539333210355235,trade
2023-06-20 00:00:00+00:00,BTC,BUY,0.056002466799788285,26857.772175,1504.101494546715,1.504101494546715,0.7516749098184483,trade
2023-06-21 00:00:00+00:00,ETH,BUY,0.48581140266478307,1792.8859949999999,871.0044600489952,0.8710044600489951,0.43528458773063233,trade
2023-06-27 00:00:00+00:00,BTC,BUY,0.001979322210943513,30283.123995,59.94005994005995,0.05994005994005996,0.029955052443808073,trade
2023-06-27 00:00:00+00:00,ETH,BUY,0.02148505351085672,1859.899485,39.96003996003985,0.03996003996003985,0.019970034962538658,trade
2023-07-27 00:00:00+00:00,BTC,BUY,0.0020410945401452417,29366.625975,59.94005994005993,0.05994005994005994,0.029955052443808066,trade
2023-07-27 00:00:00+00:00,ETH,BUY,0.02133562141094633,1872.9259949999998,39.96003996003996,0.03996003996003996,0.019970034962538713,trade
2023-08-04 00:00:00+00:00,ETH,SELL,0.5286320775865861,1834.8920950000002,969.9828203270537,0.9699828203270537,0.4852340271771154,trade
2023-08-09 00:00:00+00:00,ETH,BUY,0.5212309498507293,1857.22815,968.0447927140126,0.9680447927140127,0.48378050610395434,trade
2023-08-11 00:00:00+00:00,ETH,SELL,0.5212309498507293,1851.5437650000001,965.0819153211455,0.9650819153211455,0.4827823488349902,trade
2023-08-18 00:00:00+00:00,BTC,SELL,0.06002288355087704,26610.098295,1597.2148312381767,1.5972148312381766,0.7990069190786275,trade
2023-10-02 00:00:00+00:00,BTC,BUY,0.061196473819122583,28006.57629,1713.9037126942444,1.7139037126942445,0.8565235945498473,trade
2023-10-03 00:00:00+00:00,BTC,SELL,0.061196473819122583,27480.762745,1681.7257778539117,1.6817257778539119,0.841283530692302,trade
2023-10-09 00:00:00+00:00,BTC,BUY,0.06008967000565976,27931.01853,1678.365686389668,1.678365686389668,0.838763461464102,trade
2023-10-10 00:00:00+00:00,BTC,SELL,0.06008967000565976,27576.324940000002,1657.0522656134453,1.6570522656134454,0.8289406031082768,trade
2023-10-17 00:00:00+00:00,BTC,BUY,0.05799545115338188,28515.020385,1653.741471875956,1.653741471875956,0.8264575071843858,trade
2023-10-24 00:00:00+00:00,ETH,BUY,0.5905240436849541,1766.352735,1043.0737596461781,1.043073759646178,0.5212762417022381,trade
2023-10-27 00:00:00+00:00,BTC,BUY,0.0017542369796260534,34168.735830000005,59.94005994005972,0.05994005994005972,0.029955052443807955,trade
2023-10-27 00:00:00+00:00,ETH,BUY,0.02214721714386651,1804.291695,39.96003996003996,0.03996003996003996,0.019970034962538713,trade
2023-11-27 00:00:00+00:00,BTC,BUY,0.0015998459944000453,37466.14371,59.940059940059946,0.05994005994005995,0.029955052443808073,trade
2023-11-27 00:00:00+00:00,ETH,BUY,0.019366384749884804,2063.37117,39.960039960039964,0.03996003996003997,0.019970034962538716,trade
2023-12-27 00:00:00+00:00,BTC,BUY,0.0014093533967478394,42530.184465,59.94005994005994,0.059940059940059943,0.029955052443808066,trade
2023-12-27 00:00:00+00:00,ETH,BUY,0.017903280286289455,2231.99544,39.96003996003996,0.03996003996003996,0.019970034962538713,trade
2024-01-29 00:00:00+00:00,BTC,BUY,0.0014253773076717362,42052.065525,59.94005994005993,0.05994005994005994,0.029955052443808066,trade
2024-01-29 00:00:00+00:00,ETH,BUY,0.017696871782124785,2258.02845,39.960039960039964,0.03996003996003997,0.019970034962538716,trade
2024-02-27 00:00:00+00:00,BTC,BUY,0.0010997425840953037,54503.71824,59.94005994005994,0.059940059940059943,0.02995505244380807,trade
2024-02-27 00:00:00+00:00,ETH,BUY,0.012575786748871177,3177.5379749999997,39.96003996003995,0.03996003996003995,0.019970034962538706,trade
2024-03-27 00:00:00+00:00,BTC,BUY,0.0008560055073394183,70022.983995,59.94005994005994,0.059940059940059943,0.02995505244380807,trade
2024-03-27 00:00:00+00:00,ETH,BUY,0.011133679160230317,3589.11366,39.960039960039964,0.03996003996003997,0.019970034962538713,trade
2024-04-29 00:00:00+00:00,BTC,BUY,0.0009491669001574516,63150.17931,59.94005994005993,0.05994005994005994,0.029955052443808066,trade
2024-04-29 00:00:00+00:00,ETH,BUY,0.012238640797770884,3265.07172,39.96003996003995,0.03996003996003995,0.01997003496253871,trade
2024-05-15 00:00:00+00:00,ETH,SELL,0.703585904353992,2880.489035,2026.671482672233,2.026671482672233,1.0138426626674502,trade
2024-05-16 00:00:00+00:00,ETH,BUY,0.6666374448266,3034.066275,2022.6221890005604,2.0226221890005602,1.010805691654453,trade
2024-05-28 00:00:00+00:00,BTC,BUY,0.0008628050849909212,69471.148215,59.94005994005995,0.05994005994005996,0.029955052443808073,trade
2024-05-28 00:00:00+00:00,ETH,BUY,0.01025627018704107,3896.157105,39.960039960039744,0.039960039960039745,0.019970034962538602,trade
2024-06-25 00:00:00+00:00,BTC,SELL,0.06795198490841065,60263.15335000001,4095.000886972437,4.0950008869724375,2.048524705839138,trade
2024-06-27 00:00:00+00:00,ETH,BUY,0.011845431309098015,3373.455885,39.96003996003995,0.03996003996003995,0.019970034962538706,trade
2024-07-05 00:00:00+00:00,ETH,SELL,0.6887391463227391,3058.17015,2106.281498420683,2.106281498420683,1.0536675830018423,trade
2024-07-16 00:00:00+00:00,BTC,BUY,0.06403626075939495,64756.422029999994,4146.759126958507,4.146759126958507,2.072343391783362,trade
2024-07-16 00:00:00+00:00,ETH,BUY,0.6031874806104309,3484.9415999999997,2102.073143778484,2.102073143778484,1.0505113162311266,trade
2024-07-18 00:00:00+00:00,BTC,SELL,0.06403626075939495,64055.946005,4101.9032615659025,4.101903261565902,2.051977619592748,trade
2024-07-22 00:00:00+00:00,BTC,BUY,0.06002553819123367,68199.432675,4093.7076506536823,4.093707650653682,2.0458309098719054,trade
2024-07-25 00:00:00+00:00,ETH,SELL,0.6031874806104309,3334.1520900000005,2011.118799139103,2.011118799139103,1.006062430784944,trade
2024-07-29 00:00:00+00:00,BTC,BUY,0.0008778052780109817,68284.00494,59.940059940059946,0.05994005994005995,0.029955052443808073,trade
2024-08-01 00:00:00+00:00,BTC,SELL,0.060903343469244656,64595.69599500001,3934.093859818397,3.934093859818397,1.9680309453818894,trade
2024-09-20 00:00:00+00:00,BTC,BUY,0.06329321823751995,62979.473999999995,3986.173592366213,3.9861735923662134,1.9920907508077028,trade
2024-09-27 00:00:00+00:00,BTC,BUY,0.0009192333458119602,65206.576994999996,59.940059940059044,0.05994005994005905,0.02995505244380762,trade
2024-10-02 00:00:00+00:00,BTC,SELL,0.0642124515833319,60774.51754,3902.4807650376056,3.902480765037606,1.9522164907641848,trade
2024-10-14 00:00:00+00:00,BTC,BUY,0.06191722592192382,62901.45500999999,3894.6836006718963,3.8946836006718963,1.9463686160279345,trade
2024-10-28 00:00:00+00:00,BTC,BUY,0.0008807500208774015,68055.700845,59.94005994005994,0.059940059940059943,0.02995505244380807,trade
2024-11-08 00:00:00+00:00,ETH,BUY,0.7480159734671803,2896.9177349999995,2166.9407396003635,2.1669407396003635,1.0829289053475082,trade
2024-11-27 00:00:00+00:00,BTC,BUY,0.000651443491074404,92011.14258,59.940059940059946,0.05994005994005995,0.029955052443808073,trade
2024-11-27 00:00:00+00:00,ETH,BUY,0.012012990466947019,3326.40237,39.960039960039964,0.03996003996003997,0.019970034962538716,trade
2024-12-27 00:00:00+00:00,BTC,BUY,0.000625421277936856,95839.4958,59.94005994005994,0.059940059940059943,0.02995505244380807,trade
2024-12-27 00:00:00+00:00,ETH,BUY,0.011975889322190266,3336.70752,39.960039960039964,0.03996003996003997,0.019970034962538713,trade
2025-01-27 00:00:00+00:00,BTC,BUY,0.0005838052918491837,102671.32000499999,59.940059940059946,0.05994005994005995,0.029955052443808073,trade
2025-01-27 00:00:00+00:00,ETH,BUY,0.012355362980711378,3234.226305,39.96003996003995,0.03996003996003995,0.019970034962538706,trade
2025-02-03 00:00:00+00:00,ETH,SELL,0.784360216237029,2868.24516,2249.7373939184117,2.2497373939184118,1.1254314126655387,trade
2025-02-26 00:00:00+00:00,BTC,SELL,0.06465864600366167,88636.049805,5731.08696750442,5.73108696750442,2.866976972238329,trade
2025-03-03 00:00:00+00:00,BTC,BUY,0.06127812212828872,94317.124995,5779.576304232683,5.779576304232683,2.8883439801262782,trade
2025-03-04 00:00:00+00:00,BTC,SELL,0.06127812212828872,86178.04942000001,5280.829037136461,5.280829037136461,2.6417353862613613,trade
2025-03-06 00:00:00+00:00,BTC,BUY,0.05813791700455928,90651.303,5270.277930169155,5.270277930169155,2.633822054057549,trade
2025-03-07 00:00:00+00:00,BTC,SELL,0.05813791700455928,89886.91406000001,5225.837949416234,5.225837949416234,2.6142260877519927,trade
2025-04-23 00:00:00+00:00,BTC,BUY,0.056426923244642394,93489.711495,5275.336774692127,5.275336774692127,2.6363502122399436,trade
2025-04-28 00:00:00+00:00,BTC,BUY,0.0006390459585092884,93796.16464499998,59.940059940059044,0.05994005994005905,0.029955052443807622,trade
2025-05-14 00:00:00+00:00,ETH,BUY,0.8821628324365878,2681.0498549999998,2365.1225339905027,2.365122533990503,1.1819702818543245,trade
2025-05-27 00:00:00+00:00,BTC,BUY,0.0005474503159563726,109489.49738999999,59.94005994005993,0.05994005994005994,0.029955052443808066,trade
2025-05-27 00:00:00+00:00,ETH,BUY,0.015579073185270286,2564.9818499999997,39.960039960039964,0.03996003996003997,0.019970034962538716,trade
2025-06-23 00:00:00+00:00,ETH,SELL,0.8977419056218581,2226.58615,1998.8996933322364,1.9988996933322365,0.9999498215769065,trade
2025-06-24 00:00:00+00:00,ETH,BUY,0.826778622726467,2412.8658299999997,1994.9058877511534,1.9949058877511534,0.9969544666422556,trade
2025-06-27 00:00:00+00:00,BTC,BUY,0.0005601846828479075,107000.53352999999,59.94005994005993,0.05994005994005994,0.029955052443808066,trade
2025-06-27 00:00:00+00:00,ETH,BUY,0.016531759600770284,2417.1679799999997,39.96003996003951,0.03996003996003951,0.019970034962538488,trade
2025-07-28 00:00:00+00:00,BTC,BUY,0.0005016942924993707,119475.26778,59.94005994005995,0.05994005994005996,0.029955052443808073,trade
2025-07-28 00:00:00+00:00,ETH,BUY,0.010314807669481863,3874.046055,39.96003996003995,0.03996003996003995,0.01997003496253871,trade
2025-08-27 00:00:00+00:00,BTC,BUY,0.0005360449071493836,111819.10161,59.94005994005993,0.05994005994005994,0.029955052443808066,trade
2025-08-27 00:00:00+00:00,ETH,BUY,0.008681434917625939,4602.930315,39.96003996003996,0.03996003996003996,0.019970034962538713,trade
2025-09-26 00:00:00+00:00,BTC,SELL,0.059211343401604714,108939.99275500001,6450.483321184635,6.4504833211846355,3.2268550881363858,trade
2025-09-29 00:00:00+00:00,BTC,BUY,0.05789995430333995,112220.04198,6497.53530256089,6.49753530256089,3.247144079240825,trade
2025-09-29 00:00:00+00:00,ETH,BUY,0.009642329104881857,4144.23108,39.960039960039964,0.03996003996003997,0.019970034962538716,trade
2025-10-16 00:00:00+00:00,BTC,SELL,0.05789995430333995,110707.89836,6409.982256062804,6.409982256062804,3.2065944252440235,trade
2025-10-27 00:00:00+00:00,BTC,BUY,0.05633660486328292,114616.689705,6457.115158648093,6.457115158648093,3.2269441072704113,trade
2025-10-27 00:00:00+00:00,ETH,BUY,0.00960453387193274,4160.539229999999,39.96003996003996,0.03996003996003996,0.019970034962538713,trade
2025-10-30 00:00:00+00:00,BTC,SELL,0.05633660486328292,109966.28935,6195.127391392388,6.195127391392388,3.0991132523223546,trade
2025-11-04 00:00:00+00:00,ETH,SELL,0.8815534878911596,3602.0380800000003,3175.389232940776,3.175389232940776,1.5884888609008383,trade
2026-05-04 00:00:00+00:00,BTC,BUY,0.08322818503236132,78607.86429,6542.389874126868,6.542389874126868,3.2695601569849413,trade
2026-05-19 00:00:00+00:00,BTC,SELL,0.08322818503236132,76963.37906,6405.522353121443,6.405522353121444,3.2043633582398416,trade
2026-05-21 00:00:00+00:00,BTC,BUY,0.08239000371866327,77591.01612,6392.724106661662,6.392724106661662,3.1947646709953332,trade
2026-05-27 00:00:00+00:00,BTC,SELL,0.08239000371866327,75892.044995,6252.745869355011,6.252745869355011,3.1279369031290694,trade
2026-08-20 00:00:00+00:00,BTC,BUY,0.09254900092170419,69369.44739,6420.0730504352205,6.420073050435221,3.208432309063079,trade
2026-08-20 00:00:00+00:00,ETH,BUY,1.5655655371293788,2253.936405,3528.685158549286,3.528685158549286,1.763460848850218,trade
2026-08-27 00:00:00+00:00,BTC,BUY,0.0007581278398913647,79063.261875,59.94005994005904,0.059940059940059034,0.02995505244380762,trade
2026-08-27 00:00:00+00:00,ETH,BUY,0.01593281816716163,2508.03339,39.96003996003997,0.039960039960039974,0.019970034962538716,trade
