date,open,high,low,close
2022-08-17 00:00:00+00:00,2.025,2.199,1.862,1.915
2022-08-18 00:00:00+00:00,1.911,1.963,1.738,1.78
2022-08-19 00:00:00+00:00,1.778,1.78,1.552,1.673
2022-08-20 00:00:00+00:00,1.671,1.746,1.54,1.603
2022-08-21 00:00:00+00:00,1.602,1.865,1.592,1.841
2022-08-22 00:00:00+00:00,1.84,1.844,1.643,1.76
2022-08-23 00:00:00+00:00,1.761,1.886,1.745,1.816
2022-08-24 00:00:00+00:00,1.816,1.88,1.749,1.76
2022-08-25 00:00:00+00:00,1.76,1.851,1.759,1.772
2022-08-26 00:00:00+00:00,1.771,1.825,1.572,1.59
2022-08-27 00:00:00+00:00,1.59,1.625,1.546,1.566
2022-08-28 00:00:00+00:00,1.566,1.62,1.482,1.5
2022-08-29 00:00:00+00:00,1.5,1.614,1.474,1.613
2022-08-30 00:00:00+00:00,1.612,1.638,1.492,1.52
2022-08-31 00:00:00+00:00,1.52,1.598,1.52,1.555
2022-09-01 00:00:00+00:00,1.554,1.575,1.46,1.524
2022-09-02 00:00:00+00:00,1.524,1.58,1.491,1.534
2022-09-03 00:00:00+00:00,1.534,1.558,1.511,1.526
2022-09-04 00:00:00+00:00,1.526,1.625,1.515,1.599
2022-09-05 00:00:00+00:00,1.599,1.627,1.524,1.606
2022-09-06 00:00:00+00:00,1.604,1.652,1.44,1.452
2022-09-07 00:00:00+00:00,1.452,1.58,1.425,1.552
2022-09-08 00:00:00+00:00,1.552,1.602,1.485,1.531
2022-09-09 00:00:00+00:00,1.531,1.735,1.524,1.681
2022-09-10 00:00:00+00:00,1.681,1.737,1.602,1.635
2022-09-11 00:00:00+00:00,1.633,2.022,1.614,1.874
2022-09-12 00:00:00+00:00,1.872,1.937,1.755,1.808
2022-09-13 00:00:00+00:00,1.808,2.058,1.637,1.65
2022-09-14 00:00:00+00:00,1.65,1.751,1.605,1.649
2022-09-15 00:00:00+00:00,1.648,1.664,1.543,1.627
2022-09-16 00:00:00+00:00,1.627,1.684,1.581,1.675
2022-09-17 00:00:00+00:00,1.675,1.715,1.639,1.694
2022-09-18 00:00:00+00:00,1.694,1.694,1.413,1.448
2022-09-19 00:00:00+00:00,1.446,1.627,1.417,1.572
2022-09-20 00:00:00+00:00,1.57,1.632,1.504,1.527
2022-09-21 00:00:00+00:00,1.526,1.595,1.439,1.461
2022-09-22 00:00:00+00:00,1.46,1.548,1.457,1.529
2022-09-23 00:00:00+00:00,1.528,1.656,1.461,1.575
2022-09-24 00:00:00+00:00,1.576,1.683,1.536,1.644
2022-09-25 00:00:00+00:00,1.644,1.935,1.605,1.799
2022-09-26 00:00:00+00:00,1.798,1.902,1.681,1.78
2022-09-27 00:00:00+00:00,1.78,1.85,1.705,1.736
2022-09-28 00:00:00+00:00,1.736,1.753,1.62,1.706
2022-09-29 00:00:00+00:00,1.705,1.72,1.633,1.684
2022-09-30 00:00:00+00:00,1.684,1.752,1.623,1.701
2022-10-01 00:00:00+00:00,1.701,1.722,1.639,1.652
2022-10-02 00:00:00+00:00,1.653,1.681,1.539,1.562
2022-10-03 00:00:00+00:00,1.562,1.745,1.546,1.705
2022-10-04 00:00:00+00:00,1.705,1.877,1.688,1.794
2022-10-05 00:00:00+00:00,1.794,1.977,1.752,1.916
2022-10-06 00:00:00+00:00,1.917,1.925,1.822,1.833
2022-10-07 00:00:00+00:00,1.833,2.025,1.823,1.988
2022-10-08 00:00:00+00:00,1.987,2.031,1.95,1.989
2022-10-09 00:00:00+00:00,1.988,2.009,1.881,1.914
2022-10-10 00:00:00+00:00,1.913,1.954,1.752,1.753
2022-10-11 00:00:00+00:00,1.754,1.909,1.696,1.827
2022-10-12 00:00:00+00:00,1.827,1.843,1.757,1.786
2022-10-13 00:00:00+00:00,1.786,1.788,1.563,1.743
2022-10-14 00:00:00+00:00,1.743,1.894,1.718,1.762
2022-10-15 00:00:00+00:00,1.761,1.786,1.71,1.756
2022-10-16 00:00:00+00:00,1.755,1.959,1.751,1.902
2022-10-17 00:00:00+00:00,1.902,2.2,1.882,2.107
2022-10-18 00:00:00+00:00,2.106,2.179,2.03,2.089
2022-10-19 00:00:00+00:00,2.088,2.089,1.957,1.976
2022-10-20 00:00:00+00:00,1.976,2.039,1.816,1.852
2022-10-21 00:00:00+00:00,1.852,1.894,1.761,1.855
2022-10-22 00:00:00+00:00,1.855,1.968,1.822,1.912
2022-10-23 00:00:00+00:00,1.912,1.981,1.892,1.935
2022-10-24 00:00:00+00:00,1.934,1.936,1.849,1.894
2022-10-25 00:00:00+00:00,1.894,2.03,1.885,1.953
2022-10-26 00:00:00+00:00,1.954,2.173,1.918,2.059
2022-10-27 00:00:00+00:00,2.059,2.211,1.988,2.018
2022-10-28 00:00:00+00:00,2.019,2.079,1.9,2.045
2022-10-29 00:00:00+00:00,2.046,2.386,2.034,2.289
2022-10-30 00:00:00+00:00,2.289,2.433,2.132,2.192
2022-10-31 00:00:00+00:00,2.192,2.698,2.144,2.432
2022-11-01 00:00:00+00:00,2.431,2.573,2.273,2.502
2022-11-02 00:00:00+00:00,2.502,2.681,2.306,2.521
2022-11-03 00:00:00+00:00,2.521,3.045,2.473,2.629
2022-11-04 00:00:00+00:00,2.629,2.923,2.61,2.71
2022-11-05 00:00:00+00:00,2.711,2.997,2.633,2.683
2022-11-06 00:00:00+00:00,2.684,2.882,2.564,2.587
2022-11-07 00:00:00+00:00,2.587,2.804,2.415,2.677
2022-11-08 00:00:00+00:00,2.678,2.76,1.558,1.975
2022-11-09 00:00:00+00:00,1.975,2.0,1.344,1.455
2022-11-10 00:00:00+00:00,1.455,1.889,1.429,1.795
2022-11-11 00:00:00+00:00,1.796,1.876,1.61,1.753
2022-11-12 00:00:00+00:00,1.754,1.867,1.646,1.72
2022-11-13 00:00:00+00:00,1.72,1.957,1.697,1.812
2022-11-14 00:00:00+00:00,1.812,1.832,1.617,1.761
2022-11-15 00:00:00+00:00,1.76,1.948,1.711,1.795
2022-11-16 00:00:00+00:00,1.796,1.887,1.705,1.744
2022-11-17 00:00:00+00:00,1.743,1.761,1.68,1.714
2022-11-18 00:00:00+00:00,1.714,1.76,1.691,1.736
2022-11-19 00:00:00+00:00,1.737,1.741,1.662,1.707
2022-11-20 00:00:00+00:00,1.707,1.745,1.566,1.571
2022-11-21 00:00:00+00:00,1.571,1.618,1.491,1.566
2022-11-22 00:00:00+00:00,1.567,1.602,1.458,1.599
2022-11-23 00:00:00+00:00,1.6,1.859,1.59,1.698
2022-11-24 00:00:00+00:00,1.698,1.735,1.621,1.665
2022-11-25 00:00:00+00:00,1.665,1.666,1.54,1.609
2022-11-26 00:00:00+00:00,1.61,1.655,1.584,1.603
2022-11-27 00:00:00+00:00,1.604,1.636,1.558,1.577
2022-11-28 00:00:00+00:00,1.576,1.589,1.481,1.534
2022-11-29 00:00:00+00:00,1.534,1.707,1.508,1.599
2022-11-30 00:00:00+00:00,1.599,1.82,1.598,1.758
2022-12-01 00:00:00+00:00,1.758,1.783,1.655,1.69
2022-12-02 00:00:00+00:00,1.689,1.703,1.61,1.685
2022-12-03 00:00:00+00:00,1.684,1.686,1.581,1.601
2022-12-04 00:00:00+00:00,1.6,1.661,1.598,1.63
2022-12-05 00:00:00+00:00,1.629,1.687,1.601,1.642
2022-12-06 00:00:00+00:00,1.642,1.674,1.612,1.651
2022-12-07 00:00:00+00:00,1.651,1.66,1.563,1.587
2022-12-08 00:00:00+00:00,1.587,1.644,1.553,1.627
2022-12-09 00:00:00+00:00,1.628,1.662,1.618,1.639
2022-12-10 00:00:00+00:00,1.64,1.679,1.631,1.663
2022-12-11 00:00:00+00:00,1.664,1.691,1.617,1.618
2022-12-12 00:00:00+00:00,1.618,1.69,1.567,1.659
2022-12-13 00:00:00+00:00,1.66,1.704,1.583,1.64
2022-12-14 00:00:00+00:00,1.639,1.671,1.594,1.614
2022-12-15 00:00:00+00:00,1.615,1.636,1.566,1.573
2022-12-16 00:00:00+00:00,1.574,1.604,1.38,1.406
2022-12-17 00:00:00+00:00,1.406,1.451,1.377,1.439
2022-12-18 00:00:00+00:00,1.439,1.446,1.39,1.409
2022-12-19 00:00:00+00:00,1.409,1.432,1.288,1.304
2022-12-20 00:00:00+00:00,1.304,1.4,1.303,1.369
2022-12-21 00:00:00+00:00,1.369,1.381,1.309,1.326
2022-12-22 00:00:00+00:00,1.326,1.345,1.287,1.329
2022-12-23 00:00:00+00:00,1.329,1.349,1.31,1.318
2022-12-24 00:00:00+00:00,1.317,1.338,1.314,1.315
2022-12-25 00:00:00+00:00,1.316,1.322,1.29,1.311
2022-12-26 00:00:00+00:00,1.312,1.328,1.291,1.314
2022-12-27 00:00:00+00:00,1.315,1.323,1.254,1.272
2022-12-28 00:00:00+00:00,1.272,1.278,1.219,1.254
2022-12-29 00:00:00+00:00,1.254,1.297,1.239,1.285
2022-12-30 00:00:00+00:00,1.285,1.292,1.249,1.277
2022-12-31 00:00:00+00:00,1.277,1.288,1.265,1.274
2023-01-01 00:00:00+00:00,1.274,1.274,1.252,1.272
2023-01-02 00:00:00+00:00,1.272,1.308,1.249,1.298
2023-01-03 00:00:00+00:00,1.298,1.319,1.279,1.304
2023-01-04 00:00:00+00:00,1.305,1.369,1.303,1.354
2023-01-05 00:00:00+00:00,1.355,1.381,1.342,1.358
2023-01-06 00:00:00+00:00,1.357,1.374,1.312,1.372
2023-01-07 00:00:00+00:00,1.372,1.396,1.361,1.371
2023-01-08 00:00:00+00:00,1.372,1.422,1.36,1.415
2023-01-09 00:00:00+00:00,1.416,1.481,1.411,1.42
2023-01-10 00:00:00+00:00,1.42,1.457,1.4,1.442
2023-01-11 00:00:00+00:00,1.442,1.454,1.377,1.452
2023-01-12 00:00:00+00:00,1.452,1.578,1.404,1.527
2023-01-13 00:00:00+00:00,1.528,1.574,1.496,1.557
2023-01-14 00:00:00+00:00,1.557,1.752,1.515,1.613
2023-01-15 00:00:00+00:00,1.614,1.68,1.563,1.655
2023-01-16 00:00:00+00:00,1.655,1.731,1.565,1.642
2023-01-17 00:00:00+00:00,1.642,1.675,1.591,1.598
2023-01-18 00:00:00+00:00,1.599,1.692,1.464,1.479
2023-01-19 00:00:00+00:00,1.48,1.571,1.457,1.536
2023-01-20 00:00:00+00:00,1.536,1.648,1.513,1.64
2023-01-21 00:00:00+00:00,1.64,1.855,1.625,1.734
2023-01-22 00:00:00+00:00,1.733,2.1,1.714,1.941
2023-01-23 00:00:00+00:00,1.941,2.069,1.905,1.997
2023-01-24 00:00:00+00:00,1.997,2.021,1.768,1.836
2023-01-25 00:00:00+00:00,1.837,2.45,1.784,2.241
2023-01-26 00:00:00+00:00,2.242,2.734,2.196,2.58
2023-01-27 00:00:00+00:00,2.58,2.791,2.5,2.558
2023-01-28 00:00:00+00:00,2.559,2.743,2.46,2.503
2023-01-29 00:00:00+00:00,2.503,2.585,2.477,2.527
2023-01-30 00:00:00+00:00,2.527,2.975,2.478,2.815
2023-01-31 00:00:00+00:00,2.815,3.249,2.692,3.144
2023-02-01 00:00:00+00:00,3.145,4.061,3.037,3.859
2023-02-02 00:00:00+00:00,3.859,3.98,3.52,3.632
2023-02-03 00:00:00+00:00,3.633,3.998,3.56,3.752
2023-02-04 00:00:00+00:00,3.753,4.238,3.61,3.882
2023-02-05 00:00:00+00:00,3.882,4.04,3.276,3.606
2023-02-06 00:00:00+00:00,3.605,3.729,3.425,3.478
2023-02-07 00:00:00+00:00,3.478,4.388,3.423,4.144
2023-02-08 00:00:00+00:00,4.144,4.272,3.652,3.74
2023-02-09 00:00:00+00:00,3.74,3.801,3.174,3.287
2023-02-10 00:00:00+00:00,3.288,3.419,3.005,3.129
2023-02-11 00:00:00+00:00,3.129,3.418,3.076,3.398
2023-02-12 00:00:00+00:00,3.398,3.604,3.227,3.345
2023-02-13 00:00:00+00:00,3.346,3.472,3.024,3.259
2023-02-14 00:00:00+00:00,3.258,3.585,3.165,3.488
2023-02-15 00:00:00+00:00,3.488,4.132,3.408,3.944
2023-02-16 00:00:00+00:00,3.944,4.052,3.597,3.646
2023-02-17 00:00:00+00:00,3.646,4.22,3.645,4.001
2023-02-18 00:00:00+00:00,4.001,4.58,3.947,4.417
2023-02-19 00:00:00+00:00,4.418,4.535,4.06,4.161
2023-02-20 00:00:00+00:00,4.161,4.308,3.946,4.192
2023-02-21 00:00:00+00:00,4.192,4.422,3.856,3.941
2023-02-22 00:00:00+00:00,3.942,3.954,3.647,3.817
2023-02-23 00:00:00+00:00,3.816,4.113,3.762,3.913
2023-02-24 00:00:00+00:00,3.913,3.953,3.532,3.642
2023-02-25 00:00:00+00:00,3.642,3.672,3.279,3.421
2023-02-26 00:00:00+00:00,3.421,3.867,3.402,3.774
2023-02-27 00:00:00+00:00,3.773,3.884,3.548,3.639
2023-02-28 00:00:00+00:00,3.64,3.703,3.447,3.509
2023-03-01 00:00:00+00:00,3.51,3.825,3.509,3.796
2023-03-02 00:00:00+00:00,3.797,3.818,3.536,3.75
2023-03-03 00:00:00+00:00,3.75,3.807,3.331,3.606
2023-03-04 00:00:00+00:00,3.605,3.689,3.101,3.254
2023-03-05 00:00:00+00:00,3.254,3.516,3.216,3.343
2023-03-06 00:00:00+00:00,3.343,3.44,3.257,3.324
2023-03-07 00:00:00+00:00,3.325,3.39,3.087,3.173
2023-03-08 00:00:00+00:00,3.173,3.215,2.853,2.862
2023-03-09 00:00:00+00:00,2.862,3.03,2.59,2.646
2023-03-10 00:00:00+00:00,2.647,3.087,2.446,3.029
2023-03-11 00:00:00+00:00,3.028,3.25,2.799,3.109
2023-03-12 00:00:00+00:00,3.108,3.798,2.963,3.701
2023-03-13 00:00:00+00:00,3.701,4.379,3.568,4.136
2023-03-14 00:00:00+00:00,4.135,4.52,4.049,4.267
2023-03-15 00:00:00+00:00,4.266,4.308,3.836,4.031
2023-03-16 00:00:00+00:00,4.031,4.322,3.968,4.064
2023-03-17 00:00:00+00:00,4.064,4.849,3.991,4.834
2023-03-18 00:00:00+00:00,4.834,4.998,4.371,4.443
2023-03-19 00:00:00+00:00,4.444,4.629,4.25,4.278
2023-03-20 00:00:00+00:00,4.278,4.312,3.939,3.982
2023-03-21 00:00:00+00:00,3.983,4.458,3.86,4.228
2023-03-22 00:00:00+00:00,4.228,4.37,3.91,4.103
2023-03-23 00:00:00+00:00,4.103,4.32,4.075,4.229
2023-03-24 00:00:00+00:00,4.229,4.498,4.033,4.167
2023-03-25 00:00:00+00:00,4.168,4.242,3.782,3.824
2023-03-26 00:00:00+00:00,3.824,4.09,3.78,4.057
2023-03-27 00:00:00+00:00,4.057,4.067,3.693,3.787
2023-03-28 00:00:00+00:00,3.788,4.377,3.629,4.18
2023-03-29 00:00:00+00:00,4.18,4.481,4.172,4.339
2023-03-30 00:00:00+00:00,4.338,4.906,4.181,4.695
2023-03-31 00:00:00+00:00,4.694,4.815,4.562,4.714
2023-04-01 00:00:00+00:00,4.716,5.386,4.681,5.18
2023-04-02 00:00:00+00:00,5.181,5.29,4.851,5.157
2023-04-03 00:00:00+00:00,5.156,6.0,4.864,5.866
2023-04-04 00:00:00+00:00,5.867,5.88,5.374,5.464
2023-04-05 00:00:00+00:00,5.463,5.88,5.245,5.516
2023-04-06 00:00:00+00:00,5.517,5.83,5.148,5.622
2023-04-07 00:00:00+00:00,5.622,5.96,5.542,5.564
2023-04-08 00:00:00+00:00,5.564,5.616,5.354,5.404
2023-04-09 00:00:00+00:00,5.404,5.735,5.377,5.689
2023-04-10 00:00:00+00:00,5.688,6.389,5.574,6.303
2023-04-11 00:00:00+00:00,6.304,6.95,6.174,6.626
2023-04-12 00:00:00+00:00,6.627,6.983,6.348,6.572
2023-04-13 00:00:00+00:00,6.572,6.91,6.516,6.721
2023-04-14 00:00:00+00:00,6.721,9.124,6.693,8.091
2023-04-15 00:00:00+00:00,8.091,8.321,7.623,8.193
2023-04-16 00:00:00+00:00,8.193,9.681,8.158,9.298
2023-04-17 00:00:00+00:00,9.298,9.999,8.825,9.061
2023-04-18 00:00:00+00:00,9.062,9.399,8.555,8.623
2023-04-19 00:00:00+00:00,8.622,9.244,7.865,8.313
2023-04-20 00:00:00+00:00,8.314,8.5,7.65,7.902
2023-04-21 00:00:00+00:00,7.903,8.051,7.237,7.278
2023-04-22 00:00:00+00:00,7.277,7.631,7.091,7.599
2023-04-23 00:00:00+00:00,7.599,7.599,6.8,6.878
2023-04-24 00:00:00+00:00,6.878,7.05,6.427,6.984
2023-04-25 00:00:00+00:00,6.983,8.5,6.883,8.259
2023-04-26 00:00:00+00:00,8.26,9.084,7.82,8.35
2023-04-27 00:00:00+00:00,8.35,9.33,8.3,8.895
2023-04-28 00:00:00+00:00,8.895,9.02,8.269,8.406
2023-04-29 00:00:00+00:00,8.405,8.63,7.934,8.075
2023-04-30 00:00:00+00:00,8.075,8.399,7.729,7.762
2023-05-01 00:00:00+00:00,7.762,8.134,7.488,7.845
2023-05-02 00:00:00+00:00,7.845,8.087,7.451,7.851
2023-05-03 00:00:00+00:00,7.851,8.002,7.305,7.931
2023-05-04 00:00:00+00:00,7.932,7.945,7.312,7.377
2023-05-05 00:00:00+00:00,7.377,7.97,7.301,7.809
2023-05-06 00:00:00+00:00,7.809,7.916,7.074,7.224
2023-05-07 00:00:00+00:00,7.224,7.599,7.161,7.295
2023-05-08 00:00:00+00:00,7.295,7.366,6.466,6.655
2023-05-09 00:00:00+00:00,6.655,6.723,6.144,6.279
2023-05-10 00:00:00+00:00,6.278,6.899,6.09,6.644
2023-05-11 00:00:00+00:00,6.644,6.645,5.622,5.78
2023-05-12 00:00:00+00:00,5.781,6.17,5.573,6.127
2023-05-13 00:00:00+00:00,6.127,6.299,5.911,6.016
2023-05-14 00:00:00+00:00,6.016,6.368,5.873,6.078
2023-05-15 00:00:00+00:00,6.078,6.495,5.951,6.387
2023-05-16 00:00:00+00:00,6.387,6.455,6.005,6.144
2023-05-17 00:00:00+00:00,6.145,6.77,5.957,6.602
2023-05-18 00:00:00+00:00,6.603,6.776,6.231,6.635
2023-05-19 00:00:00+00:00,6.635,7.188,6.456,7.013
2023-05-20 00:00:00+00:00,7.012,7.5,6.916,7.212
2023-05-21 00:00:00+00:00,7.212,7.288,6.679,6.731
2023-05-22 00:00:00+00:00,6.731,6.957,6.56,6.666
2023-05-23 00:00:00+00:00,6.666,7.05,6.58,6.801
2023-05-24 00:00:00+00:00,6.802,6.81,6.31,6.368
2023-05-25 00:00:00+00:00,6.368,6.465,6.064,6.292
2023-05-26 00:00:00+00:00,6.292,6.58,6.144,6.398
2023-05-27 00:00:00+00:00,6.398,6.508,6.31,6.382
2023-05-28 00:00:00+00:00,6.382,7.445,6.333,7.086
2023-05-29 00:00:00+00:00,7.086,7.75,6.921,7.403
2023-05-30 00:00:00+00:00,7.404,7.8,7.326,7.583
2023-05-31 00:00:00+00:00,7.583,7.741,7.048,7.252
2023-06-01 00:00:00+00:00,7.251,7.506,6.938,7.268
2023-06-02 00:00:00+00:00,7.267,8.195,7.204,7.877
2023-06-03 00:00:00+00:00,7.877,8.174,7.766,7.921
2023-06-04 00:00:00+00:00,7.921,8.079,7.717,7.799
2023-06-05 00:00:00+00:00,7.799,7.846,6.74,7.075
2023-06-06 00:00:00+00:00,7.076,7.498,6.889,7.38
2023-06-07 00:00:00+00:00,7.38,7.38,6.807,6.894
2023-06-08 00:00:00+00:00,6.893,7.172,6.616,6.939
2023-06-09 00:00:00+00:00,6.938,7.171,6.81,6.905
2023-06-10 00:00:00+00:00,6.905,6.907,5.398,5.679
2023-06-11 00:00:00+00:00,5.679,5.946,5.414,5.718
2023-06-12 00:00:00+00:00,5.717,5.99,5.523,5.651
2023-06-13 00:00:00+00:00,5.652,6.239,5.568,6.02
2023-06-14 00:00:00+00:00,6.021,6.295,5.68,5.902
2023-06-15 00:00:00+00:00,5.903,6.128,5.449,5.869
2023-06-16 00:00:00+00:00,5.869,6.177,5.724,6.064
2023-06-17 00:00:00+00:00,6.064,6.616,5.963,6.304
2023-06-18 00:00:00+00:00,6.304,6.35,5.936,5.971
2023-06-19 00:00:00+00:00,5.971,6.297,5.868,6.16
2023-06-20 00:00:00+00:00,6.16,6.815,6.026,6.74
2023-06-21 00:00:00+00:00,6.74,7.437,6.677,7.142
2023-06-22 00:00:00+00:00,7.141,7.44,6.655,6.957
2023-06-23 00:00:00+00:00,6.957,7.47,6.95,7.143
2023-06-24 00:00:00+00:00,7.142,7.146,6.7,6.9
2023-06-25 00:00:00+00:00,6.901,7.238,6.874,6.958
2023-06-26 00:00:00+00:00,6.959,7.72,6.763,7.369
2023-06-27 00:00:00+00:00,7.369,7.834,7.339,7.587
2023-06-28 00:00:00+00:00,7.588,7.739,6.9,7.393
2023-06-29 00:00:00+00:00,7.394,7.979,7.39,7.855
2023-06-30 00:00:00+00:00,7.854,8.204,7.3,8.021
2023-07-01 00:00:00+00:00,8.02,8.997,8.009,8.867
2023-07-02 00:00:00+00:00,8.868,8.887,8.231,8.722
2023-07-03 00:00:00+00:00,8.722,8.987,8.547,8.615
2023-07-04 00:00:00+00:00,8.615,8.884,8.425,8.553
2023-07-05 00:00:00+00:00,8.552,8.862,8.08,8.269
2023-07-06 00:00:00+00:00,8.27,8.642,7.844,7.847
2023-07-07 00:00:00+00:00,7.847,8.144,7.764,7.947
2023-07-08 00:00:00+00:00,7.948,8.1,7.812,8.066
2023-07-09 00:00:00+00:00,8.065,8.46,8.027,8.205
2023-07-10 00:00:00+00:00,8.205,8.28,7.765,8.119
2023-07-11 00:00:00+00:00,8.12,8.4,7.973,8.0
2023-07-12 00:00:00+00:00,7.999,8.346,7.929,7.964
2023-07-13 00:00:00+00:00,7.963,8.77,7.827,8.761
2023-07-14 00:00:00+00:00,8.761,9.962,8.65,9.437
2023-07-15 00:00:00+00:00,9.437,9.437,8.942,9.313
2023-07-16 00:00:00+00:00,9.314,9.587,8.8,8.862
2023-07-17 00:00:00+00:00,8.862,9.388,8.5,9.169
2023-07-18 00:00:00+00:00,9.17,9.396,8.731,8.909
2023-07-19 00:00:00+00:00,8.909,9.224,8.847,8.953
2023-07-20 00:00:00+00:00,8.952,9.732,8.905,9.292
2023-07-21 00:00:00+00:00,9.291,9.5,8.936,8.988
2023-07-22 00:00:00+00:00,8.988,9.046,8.53,8.611
2023-07-23 00:00:00+00:00,8.612,8.825,8.57,8.697
2023-07-24 00:00:00+00:00,8.696,8.754,7.955,8.149
2023-07-25 00:00:00+00:00,8.149,8.254,7.909,7.984
2023-07-26 00:00:00+00:00,7.985,8.19,7.807,8.026
2023-07-27 00:00:00+00:00,8.025,8.32,7.914,7.983
2023-07-28 00:00:00+00:00,7.983,8.241,7.921,8.03
2023-07-29 00:00:00+00:00,8.03,8.129,7.955,8.007
2023-07-30 00:00:00+00:00,8.007,8.03,7.569,7.89
2023-07-31 00:00:00+00:00,7.89,8.062,7.763,7.863
2023-08-01 00:00:00+00:00,7.863,8.037,7.509,8.011
2023-08-02 00:00:00+00:00,8.011,8.189,7.917,7.941
2023-08-03 00:00:00+00:00,7.941,8.235,7.853,8.122
2023-08-04 00:00:00+00:00,8.121,8.26,7.9,7.997
2023-08-05 00:00:00+00:00,7.996,8.129,7.879,7.941
2023-08-06 00:00:00+00:00,7.942,8.055,7.854,7.891
2023-08-07 00:00:00+00:00,7.892,8.085,7.656,7.923
2023-08-08 00:00:00+00:00,7.924,8.244,7.878,8.11
2023-08-09 00:00:00+00:00,8.11,8.156,7.786,7.88
2023-08-10 00:00:00+00:00,7.881,7.881,7.537,7.688
2023-08-11 00:00:00+00:00,7.687,7.763,7.601,7.633
2023-08-12 00:00:00+00:00,7.634,7.696,7.607,7.658
2023-08-13 00:00:00+00:00,7.659,7.747,7.571,7.683
2023-08-14 00:00:00+00:00,7.683,7.767,7.5,7.561
2023-08-15 00:00:00+00:00,7.562,7.565,6.789,7.181
2023-08-16 00:00:00+00:00,7.18,7.314,6.79,7.048
2023-08-17 00:00:00+00:00,7.047,7.348,6.205,7.131
2023-08-18 00:00:00+00:00,7.131,8.185,7.001,7.886
2023-08-19 00:00:00+00:00,7.885,8.081,7.682,7.741
2023-08-20 00:00:00+00:00,7.74,7.963,7.66,7.72
2023-08-21 00:00:00+00:00,7.72,7.887,7.325,7.461
2023-08-22 00:00:00+00:00,7.461,7.522,7.07,7.349
2023-08-23 00:00:00+00:00,7.348,7.859,7.303,7.726
2023-08-24 00:00:00+00:00,7.726,7.793,7.353,7.456
2023-08-25 00:00:00+00:00,7.456,7.459,7.07,7.259
2023-08-26 00:00:00+00:00,7.258,7.275,7.147,7.203
2023-08-27 00:00:00+00:00,7.202,7.293,6.862,6.942
2023-08-28 00:00:00+00:00,6.942,7.081,6.767,6.889
2023-08-29 00:00:00+00:00,6.89,7.6,6.626,7.249
2023-08-30 00:00:00+00:00,7.248,7.281,6.965,7.106
2023-08-31 00:00:00+00:00,7.106,7.312,6.809,6.982
2023-09-01 00:00:00+00:00,6.981,7.084,6.732,6.79
2023-09-02 00:00:00+00:00,6.79,6.871,6.691,6.766
2023-09-03 00:00:00+00:00,6.767,6.872,6.722,6.813
2023-09-04 00:00:00+00:00,6.812,6.968,6.74,6.832
2023-09-05 00:00:00+00:00,6.833,6.915,6.722,6.851
2023-09-06 00:00:00+00:00,6.851,6.944,6.724,6.892
2023-09-07 00:00:00+00:00,6.891,7.056,6.787,6.958
2023-09-08 00:00:00+00:00,6.959,7.006,6.701,6.717
2023-09-09 00:00:00+00:00,6.717,6.744,6.601,6.679
2023-09-10 00:00:00+00:00,6.68,6.759,6.275,6.637
2023-09-11 00:00:00+00:00,6.637,6.693,6.357,6.648
2023-09-12 00:00:00+00:00,6.647,7.19,6.611,6.786
2023-09-13 00:00:00+00:00,6.786,7.049,6.772,6.903
2023-09-14 00:00:00+00:00,6.902,7.05,6.833,7.033
2023-09-15 00:00:00+00:00,7.033,7.294,7.004,7.247
2023-09-16 00:00:00+00:00,7.248,7.456,7.154,7.188
2023-09-17 00:00:00+00:00,7.188,7.192,6.894,7.022
2023-09-18 00:00:00+00:00,7.023,7.542,6.965,7.335
2023-09-19 00:00:00+00:00,7.336,7.57,7.277,7.53
2023-09-20 00:00:00+00:00,7.53,7.583,7.305,7.432
2023-09-21 00:00:00+00:00,7.433,7.495,7.035,7.08
2023-09-22 00:00:00+00:00,7.079,7.204,6.987,7.185
2023-09-23 00:00:00+00:00,7.185,7.251,6.985,7.005
2023-09-24 00:00:00+00:00,7.005,7.018,6.85,6.906
2023-09-25 00:00:00+00:00,6.905,7.175,6.815,7.096
2023-09-26 00:00:00+00:00,7.094,7.166,6.962,7.125
2023-09-27 00:00:00+00:00,7.125,7.319,7.04,7.124
2023-09-28 00:00:00+00:00,7.124,7.302,7.034,7.264
2023-09-29 00:00:00+00:00,7.265,7.598,7.222,7.548
2023-09-30 00:00:00+00:00,7.55,7.9,7.472,7.653
2023-10-01 00:00:00+00:00,7.653,8.05,7.633,7.948
2023-10-02 00:00:00+00:00,7.948,8.048,7.424,7.555
2023-10-03 00:00:00+00:00,7.556,7.729,7.337,7.371
2023-10-04 00:00:00+00:00,7.371,7.669,7.185,7.585
2023-10-05 00:00:00+00:00,7.585,7.726,7.401,7.408
2023-10-06 00:00:00+00:00,7.408,7.921,7.393,7.828
2023-10-07 00:00:00+00:00,7.828,7.899,7.709,7.775
2023-10-08 00:00:00+00:00,7.774,7.839,7.66,7.73
2023-10-09 00:00:00+00:00,7.729,7.744,7.26,7.493
2023-10-10 00:00:00+00:00,7.494,7.524,7.208,7.334
2023-10-11 00:00:00+00:00,7.334,7.424,7.189,7.374
2023-10-12 00:00:00+00:00,7.374,7.447,7.149,7.319
2023-10-13 00:00:00+00:00,7.319,7.62,7.299,7.556
2023-10-14 00:00:00+00:00,7.555,7.71,7.536,7.606
2023-10-15 00:00:00+00:00,7.605,7.813,7.551,7.804
2023-10-16 00:00:00+00:00,7.804,8.099,7.649,7.796
2023-10-17 00:00:00+00:00,7.796,7.948,7.56,7.891
2023-10-18 00:00:00+00:00,7.891,8.262,7.83,8.11
2023-10-19 00:00:00+00:00,8.11,8.645,7.95,8.447
2023-10-20 00:00:00+00:00,8.447,8.843,8.403,8.425
2023-10-21 00:00:00+00:00,8.426,9.2,8.407,8.803
2023-10-22 00:00:00+00:00,8.803,9.273,8.712,9.223
2023-10-23 00:00:00+00:00,9.222,11.337,9.115,10.984
2023-10-24 00:00:00+00:00,10.986,12.89,10.887,11.8
2023-10-25 00:00:00+00:00,11.799,12.812,11.545,12.101
2023-10-26 00:00:00+00:00,12.101,12.698,11.46,12.14
2023-10-27 00:00:00+00:00,12.139,13.773,11.675,13.548
2023-10-28 00:00:00+00:00,13.547,13.867,13.101,13.373
2023-10-29 00:00:00+00:00,13.372,14.283,13.206,13.911
2023-10-30 00:00:00+00:00,13.911,14.499,13.203,13.208
2023-10-31 00:00:00+00:00,13.208,14.295,12.81,14.146
2023-11-01 00:00:00+00:00,14.147,15.613,13.443,14.855
2023-11-02 00:00:00+00:00,14.854,15.86,14.239,14.352
2023-11-03 00:00:00+00:00,14.351,14.949,13.837,14.721
2023-11-04 00:00:00+00:00,14.721,15.277,14.339,15.185
2023-11-05 00:00:00+00:00,15.186,16.442,14.971,16.099
2023-11-06 00:00:00+00:00,16.098,17.967,15.66,16.959
2023-11-07 00:00:00+00:00,16.96,17.702,16.5,16.954
2023-11-08 00:00:00+00:00,16.955,17.85,16.766,16.943
2023-11-09 00:00:00+00:00,16.945,18.172,14.21,16.419
2023-11-10 00:00:00+00:00,16.419,18.774,15.711,18.04
2023-11-11 00:00:00+00:00,18.039,19.2,17.5,17.718
2023-11-12 00:00:00+00:00,17.717,18.449,16.85,17.297
2023-11-13 00:00:00+00:00,17.298,17.7,15.117,15.433
2023-11-14 00:00:00+00:00,15.433,16.333,14.288,15.536
2023-11-15 00:00:00+00:00,15.536,17.3,15.483,16.996
2023-11-16 00:00:00+00:00,16.995,18.7,15.623,15.894
2023-11-17 00:00:00+00:00,15.894,16.546,15.08,16.19
2023-11-18 00:00:00+00:00,16.19,16.25,15.104,15.971
2023-11-19 00:00:00+00:00,15.97,16.927,15.472,16.74
2023-11-20 00:00:00+00:00,16.74,17.313,15.807,15.894
2023-11-21 00:00:00+00:00,15.894,16.126,14.16,14.214
2023-11-22 00:00:00+00:00,14.213,16.66,14.16,16.058
2023-11-23 00:00:00+00:00,16.057,16.081,14.864,15.092
2023-11-24 00:00:00+00:00,15.093,16.31,14.991,15.6
2023-11-25 00:00:00+00:00,15.599,17.435,15.461,17.102
2023-11-26 00:00:00+00:00,17.104,17.298,16.161,17.072
2023-11-27 00:00:00+00:00,17.072,17.591,16.0,16.68
2023-11-28 00:00:00+00:00,16.68,17.126,15.603,16.581
2023-11-29 00:00:00+00:00,16.582,17.512,16.309,16.739
2023-11-30 00:00:00+00:00,16.74,18.471,16.597,18.424
2023-12-01 00:00:00+00:00,18.426,18.894,17.673,17.965
2023-12-02 00:00:00+00:00,17.965,18.462,17.682,17.782
2023-12-03 00:00:00+00:00,17.782,18.2,17.314,17.443
2023-12-04 00:00:00+00:00,17.443,18.4,14.94,16.862
2023-12-05 00:00:00+00:00,16.861,17.23,15.825,17.175
2023-12-06 00:00:00+00:00,17.176,17.882,16.534,16.992
2023-12-07 00:00:00+00:00,16.992,18.718,16.65,18.273
2023-12-08 00:00:00+00:00,18.273,20.564,18.202,19.286
2023-12-09 00:00:00+00:00,19.288,19.857,18.318,18.63
2023-12-10 00:00:00+00:00,18.632,21.404,18.5,21.294
2023-12-11 00:00:00+00:00,21.294,24.49,18.08,24.01
2023-12-12 00:00:00+00:00,24.011,28.538,23.969,25.664
2023-12-13 00:00:00+00:00,25.665,29.781,23.868,29.277
2023-12-14 00:00:00+00:00,29.277,33.837,29.225,30.455
2023-12-15 00:00:00+00:00,30.456,34.71,29.535,29.751
2023-12-16 00:00:00+00:00,29.751,32.962,28.8,29.614
2023-12-17 00:00:00+00:00,29.613,30.992,28.358,30.645
2023-12-18 00:00:00+00:00,30.645,37.791,29.055,36.89
2023-12-19 00:00:00+00:00,36.894,39.988,36.0,36.425
2023-12-20 00:00:00+00:00,36.424,43.528,36.411,42.493
2023-12-21 00:00:00+00:00,42.492,43.189,37.728,40.345
2023-12-22 00:00:00+00:00,40.345,42.568,37.601,38.6
2023-12-23 00:00:00+00:00,38.6,42.95,37.1,42.182
2023-12-24 00:00:00+00:00,42.182,44.926,40.0,40.639
2023-12-25 00:00:00+00:00,40.641,43.74,39.703,43.406
2023-12-26 00:00:00+00:00,43.406,43.491,34.719,38.836
2023-12-27 00:00:00+00:00,38.829,39.783,36.225,39.281
2023-12-28 00:00:00+00:00,39.281,40.041,34.5,35.545
2023-12-29 00:00:00+00:00,35.546,38.046,34.533,35.783
2023-12-30 00:00:00+00:00,35.783,37.872,34.036,37.277
2023-12-31 00:00:00+00:00,37.277,38.839,35.13,35.787
2024-01-01 00:00:00+00:00,35.788,40.0,35.14,39.768
2024-01-02 00:00:00+00:00,39.774,41.153,36.8,37.105
2024-01-03 00:00:00+00:00,37.106,37.876,27.613,34.181
2024-01-04 00:00:00+00:00,34.184,40.714,33.632,38.41
2024-01-05 00:00:00+00:00,38.408,39.621,35.111,38.497
2024-01-06 00:00:00+00:00,38.498,40.448,35.014,40.005
2024-01-07 00:00:00+00:00,40.003,40.807,35.763,36.448
2024-01-08 00:00:00+00:00,36.449,43.2,33.426,42.272
2024-01-09 00:00:00+00:00,42.272,45.293,39.569,39.84
2024-01-10 00:00:00+00:00,39.836,42.699,36.8,41.024
2024-01-11 00:00:00+00:00,41.021,42.226,37.992,38.542
2024-01-12 00:00:00+00:00,38.542,39.714,34.96,36.738
2024-01-13 00:00:00+00:00,36.74,39.532,34.557,38.847
2024-01-14 00:00:00+00:00,38.846,39.595,36.682,36.911
2024-01-15 00:00:00+00:00,36.91,41.386,36.65,41.046
2024-01-16 00:00:00+00:00,41.046,41.938,39.48,40.79
2024-01-17 00:00:00+00:00,40.78,41.331,38.51,39.163
2024-01-18 00:00:00+00:00,39.164,39.241,35.461,35.994
2024-01-19 00:00:00+00:00,35.994,37.401,33.689,36.148
2024-01-20 00:00:00+00:00,36.149,36.424,34.749,35.422
2024-01-21 00:00:00+00:00,35.421,37.349,34.812,35.943
2024-01-22 00:00:00+00:00,35.945,36.384,33.22,33.886
2024-01-23 00:00:00+00:00,33.887,35.152,30.27,32.936
2024-01-24 00:00:00+00:00,32.937,34.391,32.018,33.042
2024-01-25 00:00:00+00:00,33.042,33.128,30.762,31.8
2024-01-26 00:00:00+00:00,31.799,34.56,31.101,33.731
2024-01-27 00:00:00+00:00,33.73,35.675,33.557,35.046
2024-01-28 00:00:00+00:00,35.046,38.63,34.961,36.404
2024-01-29 00:00:00+00:00,36.403,39.468,36.102,37.39
2024-01-30 00:00:00+00:00,37.389,38.25,35.167,35.427
2024-01-31 00:00:00+00:00,35.427,36.063,33.223,33.857
2024-02-01 00:00:00+00:00,33.857,34.667,33.1,33.844
2024-02-02 00:00:00+00:00,33.843,35.499,33.5,34.612
2024-02-03 00:00:00+00:00,34.612,35.055,32.431,33.028
2024-02-04 00:00:00+00:00,33.028,33.469,32.15,32.353
2024-02-05 00:00:00+00:00,32.354,33.572,31.383,31.964
2024-02-06 00:00:00+00:00,31.965,32.647,30.933,31.197
2024-02-07 00:00:00+00:00,31.196,33.499,31.126,32.952
2024-02-08 00:00:00+00:00,32.951,34.2,32.406,32.742
2024-02-09 00:00:00+00:00,32.743,35.589,32.734,34.867
2024-02-10 00:00:00+00:00,34.867,36.099,33.977,34.964
2024-02-11 00:00:00+00:00,34.964,36.628,34.669,35.169
2024-02-12 00:00:00+00:00,35.17,37.206,34.081,36.777
2024-02-13 00:00:00+00:00,36.778,37.219,34.43,34.678
2024-02-14 00:00:00+00:00,34.679,36.183,34.186,35.448
2024-02-15 00:00:00+00:00,35.443,36.233,33.227,34.159
2024-02-16 00:00:00+00:00,34.16,35.95,33.323,34.549
2024-02-17 00:00:00+00:00,34.549,38.0,33.539,37.813
2024-02-18 00:00:00+00:00,37.813,39.775,36.426,38.935
2024-02-19 00:00:00+00:00,38.936,40.047,36.7,37.642
2024-02-20 00:00:00+00:00,37.642,39.434,33.5,36.477
2024-02-21 00:00:00+00:00,36.478,36.651,33.566,35.106
2024-02-22 00:00:00+00:00,35.106,35.564,33.688,34.184
2024-02-23 00:00:00+00:00,34.183,34.862,31.989,32.96
2024-02-24 00:00:00+00:00,32.96,34.98,32.568,34.683
2024-02-25 00:00:00+00:00,34.684,35.985,33.623,35.852
2024-02-26 00:00:00+00:00,35.852,37.647,34.83,36.715
2024-02-27 00:00:00+00:00,36.715,40.62,35.901,39.997
2024-02-28 00:00:00+00:00,40.0,44.061,33.822,43.315
2024-02-29 00:00:00+00:00,43.317,46.0,39.859,40.936
2024-03-01 00:00:00+00:00,40.938,45.801,40.603,45.183
2024-03-02 00:00:00+00:00,45.182,46.572,42.16,42.8
2024-03-03 00:00:00+00:00,42.799,43.099,37.84,40.737
2024-03-04 00:00:00+00:00,40.737,42.075,38.6,40.653
2024-03-05 00:00:00+00:00,40.653,42.85,30.063,37.726
2024-03-06 00:00:00+00:00,37.728,39.696,35.845,38.912
2024-03-07 00:00:00+00:00,38.914,45.026,38.859,42.91
2024-03-08 00:00:00+00:00,42.91,44.578,38.96,41.49
2024-03-09 00:00:00+00:00,41.491,42.778,40.465,40.93
2024-03-10 00:00:00+00:00,40.93,41.398,38.834,40.176
2024-03-11 00:00:00+00:00,40.177,43.95,37.631,42.651
2024-03-12 00:00:00+00:00,42.654,52.243,41.321,51.889
2024-03-13 00:00:00+00:00,51.897,52.97,47.601,48.393
2024-03-14 00:00:00+00:00,48.401,53.13,45.7,47.978
2024-03-15 00:00:00+00:00,47.978,48.62,40.189,44.516
2024-03-16 00:00:00+00:00,44.515,49.111,39.884,40.76
2024-03-17 00:00:00+00:00,40.759,43.521,39.272,42.885
2024-03-18 00:00:00+00:00,42.885,42.886,37.862,38.455
2024-03-19 00:00:00+00:00,38.455,39.115,34.172,35.912
2024-03-20 00:00:00+00:00,35.912,39.467,34.035,39.166
2024-03-21 00:00:00+00:00,39.165,39.651,36.829,37.165
2024-03-22 00:00:00+00:00,37.167,37.8,34.384,35.306
2024-03-23 00:00:00+00:00,35.307,36.361,34.765,35.031
2024-03-24 00:00:00+00:00,35.029,36.752,34.911,36.559
2024-03-25 00:00:00+00:00,36.557,38.434,35.952,37.897
2024-03-26 00:00:00+00:00,37.897,41.477,37.793,39.066
2024-03-27 00:00:00+00:00,39.067,39.694,37.23,37.96
2024-03-28 00:00:00+00:00,37.96,38.888,37.146,38.501
2024-03-29 00:00:00+00:00,38.499,38.666,36.215,36.707
2024-03-30 00:00:00+00:00,36.708,37.154,35.648,35.852
2024-03-31 00:00:00+00:00,35.849,37.701,35.715,36.833
2024-04-01 00:00:00+00:00,36.836,37.303,32.921,34.245
2024-04-02 00:00:00+00:00,34.247,34.247,31.211,32.586
2024-04-03 00:00:00+00:00,32.584,34.8,31.54,32.924
2024-04-04 00:00:00+00:00,32.92,34.204,31.936,32.806
2024-04-05 00:00:00+00:00,32.807,34.873,30.705,34.268
2024-04-06 00:00:00+00:00,34.267,35.808,33.654,34.824
2024-04-07 00:00:00+00:00,34.824,36.272,34.731,35.268
2024-04-08 00:00:00+00:00,35.27,36.511,34.522,35.671
2024-04-09 00:00:00+00:00,35.67,35.927,32.918,33.157
2024-04-10 00:00:00+00:00,33.158,33.41,31.51,33.264
2024-04-11 00:00:00+00:00,33.266,33.494,31.6,31.966
2024-04-12 00:00:00+00:00,31.965,32.491,22.0,26.71
2024-04-13 00:00:00+00:00,26.709,27.224,18.0,23.227
2024-04-14 00:00:00+00:00,23.23,26.417,22.527,25.996
2024-04-15 00:00:00+00:00,25.996,27.459,23.336,24.43
2024-04-16 00:00:00+00:00,24.43,25.523,23.18,25.012
2024-04-17 00:00:00+00:00,25.011,28.215,24.213,26.012
2024-04-18 00:00:00+00:00,26.012,28.888,24.75,27.631
2024-04-19 00:00:00+00:00,27.631,28.794,24.967,28.161
2024-04-20 00:00:00+00:00,28.161,29.834,27.37,29.683
2024-04-21 00:00:00+00:00,29.683,29.842,27.741,28.247
2024-04-22 00:00:00+00:00,28.246,29.45,27.892,28.609
2024-04-23 00:00:00+00:00,28.609,29.15,27.547,28.009
2024-04-24 00:00:00+00:00,28.008,29.361,26.132,26.434
2024-04-25 00:00:00+00:00,26.434,27.079,25.554,26.484
2024-04-26 00:00:00+00:00,26.485,26.735,25.35,25.547
2024-04-27 00:00:00+00:00,25.547,26.308,24.651,25.915
2024-04-28 00:00:00+00:00,25.918,26.769,25.616,25.763
2024-04-29 00:00:00+00:00,25.761,26.211,24.904,25.84
2024-04-30 00:00:00+00:00,25.846,26.197,22.782,23.739
2024-05-01 00:00:00+00:00,23.738,24.212,21.991,23.644
2024-05-02 00:00:00+00:00,23.645,23.706,22.62,23.416
2024-05-03 00:00:00+00:00,23.418,25.06,22.937,24.953
2024-05-04 00:00:00+00:00,24.951,25.248,24.403,24.629
2024-05-05 00:00:00+00:00,24.628,24.713,23.805,24.212
2024-05-06 00:00:00+00:00,24.213,26.182,23.824,25.555
2024-05-07 00:00:00+00:00,25.558,26.277,24.607,24.7
2024-05-08 00:00:00+00:00,24.7,25.113,22.91,23.277
2024-05-09 00:00:00+00:00,23.278,24.29,22.796,23.969
2024-05-10 00:00:00+00:00,23.97,26.989,23.826,24.815
2024-05-11 00:00:00+00:00,24.815,25.178,23.62,23.702
2024-05-12 00:00:00+00:00,23.702,24.134,23.246,23.483
2024-05-13 00:00:00+00:00,23.482,23.644,22.021,22.61
2024-05-14 00:00:00+00:00,22.61,22.845,21.219,21.352
2024-05-15 00:00:00+00:00,21.354,23.918,21.055,23.601
2024-05-16 00:00:00+00:00,23.601,24.125,22.721,23.423
2024-05-17 00:00:00+00:00,23.422,25.332,23.266,24.709
2024-05-18 00:00:00+00:00,24.706,25.286,24.51,24.978
2024-05-19 00:00:00+00:00,24.978,25.197,24.036,24.132
2024-05-20 00:00:00+00:00,24.132,28.463,23.716,28.239
2024-05-21 00:00:00+00:00,28.24,28.956,27.463,27.657
2024-05-22 00:00:00+00:00,27.659,27.876,26.81,27.293
2024-05-23 00:00:00+00:00,27.294,27.755,24.323,26.151
2024-05-24 00:00:00+00:00,26.151,26.343,24.58,25.706
2024-05-25 00:00:00+00:00,25.705,26.626,25.251,25.362
2024-05-26 00:00:00+00:00,25.362,25.624,24.461,24.846
2024-05-27 00:00:00+00:00,24.846,26.526,24.779,25.782
2024-05-28 00:00:00+00:00,25.782,26.35,24.673,26.257
2024-05-29 00:00:00+00:00,26.258,27.098,26.002,26.451
2024-05-30 00:00:00+00:00,26.45,27.224,24.91,24.925
2024-05-31 00:00:00+00:00,24.924,25.55,24.254,24.429
2024-06-01 00:00:00+00:00,24.429,24.737,24.128,24.527
2024-06-02 00:00:00+00:00,24.527,24.921,23.851,24.25
2024-06-03 00:00:00+00:00,24.247,25.981,23.914,25.001
2024-06-04 00:00:00+00:00,25.001,25.992,24.175,25.266
2024-06-05 00:00:00+00:00,25.267,27.142,25.2,26.823
2024-06-06 00:00:00+00:00,26.824,28.664,26.03,28.092
2024-06-07 00:00:00+00:00,28.093,31.052,25.51,27.935
2024-06-08 00:00:00+00:00,27.933,30.85,26.689,26.803
2024-06-09 00:00:00+00:00,26.803,29.329,26.634,27.83
2024-06-10 00:00:00+00:00,27.829,29.718,26.553,29.34
2024-06-11 00:00:00+00:00,29.339,29.845,25.524,27.187
2024-06-12 00:00:00+00:00,27.186,33.037,26.837,31.249
2024-06-13 00:00:00+00:00,31.245,31.753,28.391,28.837
2024-06-14 00:00:00+00:00,28.84,29.354,25.612,26.19
2024-06-15 00:00:00+00:00,26.186,26.63,25.201,25.401
2024-06-16 00:00:00+00:00,25.401,25.49,24.415,25.046
2024-06-17 00:00:00+00:00,25.044,25.339,20.0,21.607
2024-06-18 00:00:00+00:00,21.607,21.739,18.421,20.448
2024-06-19 00:00:00+00:00,20.446,21.566,20.032,21.207
2024-06-20 00:00:00+00:00,21.207,23.229,20.61,20.748
2024-06-21 00:00:00+00:00,20.748,21.85,20.147,21.319
2024-06-22 00:00:00+00:00,21.319,21.372,20.8,20.983
2024-06-23 00:00:00+00:00,20.986,21.483,19.98,20.25
2024-06-24 00:00:00+00:00,20.251,22.793,19.268,22.712
2024-06-25 00:00:00+00:00,22.712,23.472,22.311,23.411
2024-06-26 00:00:00+00:00,23.411,23.799,22.468,23.038
2024-06-27 00:00:00+00:00,23.038,24.26,22.675,23.206
2024-06-28 00:00:00+00:00,23.206,23.462,22.618,23.058
2024-06-29 00:00:00+00:00,23.058,23.758,22.672,22.801
2024-06-30 00:00:00+00:00,22.802,23.799,22.008,23.506
2024-07-01 00:00:00+00:00,23.509,24.081,22.5,22.528
2024-07-02 00:00:00+00:00,22.528,23.614,22.262,23.345
2024-07-03 00:00:00+00:00,23.344,23.539,20.937,21.481
2024-07-04 00:00:00+00:00,21.479,21.673,19.362,19.83
2024-07-05 00:00:00+00:00,19.828,19.892,16.797,18.919
2024-07-06 00:00:00+00:00,18.918,20.417,18.566,20.153
2024-07-07 00:00:00+00:00,20.153,20.158,18.509,18.62
2024-07-08 00:00:00+00:00,18.623,20.498,17.692,19.727
2024-07-09 00:00:00+00:00,19.726,21.144,19.356,20.876
2024-07-10 00:00:00+00:00,20.877,21.376,20.33,20.543
2024-07-11 00:00:00+00:00,20.54,21.239,19.533,19.588
2024-07-12 00:00:00+00:00,19.588,20.076,19.081,19.761
2024-07-13 00:00:00+00:00,19.763,21.412,19.665,20.255
2024-07-14 00:00:00+00:00,20.253,21.715,20.213,21.616
2024-07-15 00:00:00+00:00,21.618,23.118,21.511,22.963
2024-07-16 00:00:00+00:00,22.962,24.933,22.594,24.887
2024-07-17 00:00:00+00:00,24.892,26.76,24.826,25.64
2024-07-18 00:00:00+00:00,25.64,27.101,25.025,26.9
2024-07-19 00:00:00+00:00,26.9,27.449,25.589,26.393
2024-07-20 00:00:00+00:00,26.393,28.103,26.2,27.596
2024-07-21 00:00:00+00:00,27.597,28.016,26.129,27.468
2024-07-22 00:00:00+00:00,27.469,27.534,25.66,25.787
2024-07-23 00:00:00+00:00,25.785,26.149,23.566,24.054
2024-07-24 00:00:00+00:00,24.054,25.84,23.685,23.891
2024-07-25 00:00:00+00:00,23.891,24.629,22.811,23.812
2024-07-26 00:00:00+00:00,23.81,26.16,23.751,25.755
2024-07-27 00:00:00+00:00,25.754,26.121,24.151,25.305
2024-07-28 00:00:00+00:00,25.304,25.433,23.951,24.202
2024-07-29 00:00:00+00:00,24.202,26.072,24.123,24.14
2024-07-30 00:00:00+00:00,24.139,24.803,22.829,23.155
2024-07-31 00:00:00+00:00,23.152,23.57,21.912,21.948
2024-08-01 00:00:00+00:00,21.949,22.33,20.093,21.645
2024-08-02 00:00:00+00:00,21.646,21.791,19.445,19.749
2024-08-03 00:00:00+00:00,19.749,20.028,17.855,18.481
2024-08-04 00:00:00+00:00,18.48,18.727,16.715,17.639
2024-08-05 00:00:00+00:00,17.641,17.935,13.5,15.309
2024-08-06 00:00:00+00:00,15.31,16.948,15.296,16.032
2024-08-07 00:00:00+00:00,16.031,16.67,14.602,14.922
2024-08-08 00:00:00+00:00,14.92,18.396,14.634,18.308
2024-08-09 00:00:00+00:00,18.308,18.437,17.068,18.145
2024-08-10 00:00:00+00:00,18.145,19.37,17.545,19.235
2024-08-11 00:00:00+00:00,19.235,19.392,17.6,17.642
2024-08-12 00:00:00+00:00,17.64,19.299,17.584,18.518
2024-08-13 00:00:00+00:00,18.517,19.57,18.024,19.432
2024-08-14 00:00:00+00:00,19.432,19.908,18.567,18.663
2024-08-15 00:00:00+00:00,18.662,19.251,17.751,18.123
2024-08-16 00:00:00+00:00,18.122,19.25,17.257,17.865
2024-08-17 00:00:00+00:00,17.865,18.635,17.761,18.606
2024-08-18 00:00:00+00:00,18.605,18.781,17.814,17.839
2024-08-19 00:00:00+00:00,17.84,18.187,17.503,18.153
2024-08-20 00:00:00+00:00,18.153,19.142,17.973,18.409
2024-08-21 00:00:00+00:00,18.411,19.848,18.188,19.659
2024-08-22 00:00:00+00:00,19.659,20.651,19.367,20.048
2024-08-23 00:00:00+00:00,20.049,22.364,20.028,22.16
2024-08-24 00:00:00+00:00,22.159,22.962,21.666,22.18
2024-08-25 00:00:00+00:00,22.179,22.872,20.935,22.357
2024-08-26 00:00:00+00:00,22.36,22.75,20.563,20.626
2024-08-27 00:00:00+00:00,20.625,21.291,18.766,18.989
2024-08-28 00:00:00+00:00,18.989,19.296,17.547,17.943
2024-08-29 00:00:00+00:00,17.939,18.652,17.206,17.447
2024-08-30 00:00:00+00:00,17.446,18.054,16.589,17.392
2024-08-31 00:00:00+00:00,17.39,17.62,17.006,17.245
2024-09-01 00:00:00+00:00,17.246,17.329,16.23,16.408
2024-09-02 00:00:00+00:00,16.407,17.473,16.32,17.16
2024-09-03 00:00:00+00:00,17.157,17.525,15.8,15.853
2024-09-04 00:00:00+00:00,15.853,17.62,15.004,17.31
2024-09-05 00:00:00+00:00,17.312,17.461,16.72,16.996
2024-09-06 00:00:00+00:00,16.996,17.359,15.564,16.182
2024-09-07 00:00:00+00:00,16.183,16.639,15.804,16.002
2024-09-08 00:00:00+00:00,16.002,16.621,15.885,16.234
2024-09-09 00:00:00+00:00,16.232,17.618,16.021,17.283
2024-09-10 00:00:00+00:00,17.283,18.461,16.951,18.168
2024-09-11 00:00:00+00:00,18.164,19.014,17.604,18.713
2024-09-12 00:00:00+00:00,18.713,19.459,18.683,19.339
2024-09-13 00:00:00+00:00,19.337,20.089,18.443,19.794
2024-09-14 00:00:00+00:00,19.794,20.121,19.156,19.608
2024-09-15 00:00:00+00:00,19.609,20.196,18.462,18.64
2024-09-16 00:00:00+00:00,18.641,18.936,17.729,17.989
2024-09-17 00:00:00+00:00,17.989,19.963,17.712,19.485
2024-09-18 00:00:00+00:00,19.485,19.831,18.152,19.807
2024-09-19 00:00:00+00:00,19.811,21.042,19.755,20.44
2024-09-20 00:00:00+00:00,20.439,21.399,20.082,21.053
2024-09-21 00:00:00+00:00,21.054,21.684,20.466,21.16
2024-09-22 00:00:00+00:00,21.16,21.907,20.529,21.676
2024-09-23 00:00:00+00:00,21.677,22.558,21.07,22.429
2024-09-24 00:00:00+00:00,22.43,22.88,21.428,21.843
2024-09-25 00:00:00+00:00,21.844,23.22,21.2,22.468
2024-09-26 00:00:00+00:00,22.47,23.777,22.063,23.04
2024-09-27 00:00:00+00:00,23.039,23.865,22.712,23.603
2024-09-28 00:00:00+00:00,23.602,23.99,22.461,22.836
2024-09-29 00:00:00+00:00,22.836,23.743,22.203,23.227
2024-09-30 00:00:00+00:00,23.229,23.9,22.36,22.863
2024-10-01 00:00:00+00:00,22.863,24.9,20.1,20.678
2024-10-02 00:00:00+00:00,20.678,22.379,19.789,20.175
2024-10-03 00:00:00+00:00,20.175,20.537,18.5,19.028
2024-10-04 00:00:00+00:00,19.027,20.594,18.866,20.362
2024-10-05 00:00:00+00:00,20.362,20.518,19.543,19.879
2024-10-06 00:00:00+00:00,19.88,20.855,19.623,20.753
2024-10-07 00:00:00+00:00,20.752,21.738,20.35,20.533
2024-10-08 00:00:00+00:00,20.534,20.858,19.192,19.492
2024-10-09 00:00:00+00:00,19.491,20.07,19.031,19.297
2024-10-10 00:00:00+00:00,19.297,19.788,18.523,19.22
2024-10-11 00:00:00+00:00,19.22,20.624,19.078,20.43
2024-10-12 00:00:00+00:00,20.431,21.036,20.315,20.393
2024-10-13 00:00:00+00:00,20.394,20.682,19.642,20.313
2024-10-14 00:00:00+00:00,20.316,21.993,20.026,21.737
2024-10-15 00:00:00+00:00,21.738,22.342,20.717,21.388
2024-10-16 00:00:00+00:00,21.391,21.499,20.545,20.893
2024-10-17 00:00:00+00:00,20.894,23.8,20.286,21.335
2024-10-18 00:00:00+00:00,21.333,22.328,20.933,22.062
2024-10-19 00:00:00+00:00,22.061,22.32,21.65,22.236
2024-10-20 00:00:00+00:00,22.237,22.531,21.642,22.154
2024-10-21 00:00:00+00:00,22.155,22.39,21.049,21.263
2024-10-22 00:00:00+00:00,21.261,21.621,20.651,20.949
2024-10-23 00:00:00+00:00,20.95,21.012,19.526,20.146
2024-10-24 00:00:00+00:00,20.146,20.581,19.801,20.398
2024-10-25 00:00:00+00:00,20.4,20.496,17.14,18.185
2024-10-26 00:00:00+00:00,18.184,18.797,17.911,18.376
2024-10-27 00:00:00+00:00,18.376,19.121,18.252,18.971
2024-10-28 00:00:00+00:00,18.971,19.388,18.208,19.204
2024-10-29 00:00:00+00:00,19.204,20.502,19.167,20.284
2024-10-30 00:00:00+00:00,20.283,20.329,19.387,19.865
2024-10-31 00:00:00+00:00,19.866,19.926,18.781,19.042
2024-11-01 00:00:00+00:00,19.042,19.817,18.372,18.718
2024-11-02 00:00:00+00:00,18.718,18.87,17.745,17.959
2024-11-03 00:00:00+00:00,17.959,18.028,16.11,16.869
2024-11-04 00:00:00+00:00,16.869,17.195,15.99,16.356
2024-11-05 00:00:00+00:00,16.357,17.617,16.322,17.305
2024-11-06 00:00:00+00:00,17.304,21.467,17.303,21.219
2024-11-07 00:00:00+00:00,21.219,21.921,20.572,21.618
2024-11-08 00:00:00+00:00,21.617,22.99,21.595,22.424
2024-11-09 00:00:00+00:00,22.426,23.875,21.83,23.821
2024-11-10 00:00:00+00:00,23.824,26.514,23.237,25.761
2024-11-11 00:00:00+00:00,25.762,27.105,24.852,26.888
2024-11-12 00:00:00+00:00,26.892,26.95,23.455,24.5
2024-11-13 00:00:00+00:00,24.502,27.06,22.321,24.163
2024-11-14 00:00:00+00:00,24.163,25.879,22.889,23.299
2024-11-15 00:00:00+00:00,23.299,24.989,22.453,24.671
2024-11-16 00:00:00+00:00,24.674,26.032,24.271,25.897
2024-11-17 00:00:00+00:00,25.897,27.238,24.258,24.576
2024-11-18 00:00:00+00:00,24.577,26.005,24.181,25.697
2024-11-19 00:00:00+00:00,25.694,26.244,24.0,24.418
2024-11-20 00:00:00+00:00,24.417,25.253,22.922,23.231
2024-11-21 00:00:00+00:00,23.229,25.311,22.444,25.069
2024-11-22 00:00:00+00:00,25.072,26.639,23.939,26.605
2024-11-23 00:00:00+00:00,26.608,29.398,26.252,27.854
2024-11-24 00:00:00+00:00,27.854,28.932,25.474,28.451
2024-11-25 00:00:00+00:00,28.457,29.749,26.154,26.944
2024-11-26 00:00:00+00:00,26.943,31.092,26.436,30.827
2024-11-27 00:00:00+00:00,30.822,31.522,28.669,29.8
2024-11-28 00:00:00+00:00,29.798,30.165,28.058,29.413
2024-11-29 00:00:00+00:00,29.414,30.558,29.162,30.343
2024-11-30 00:00:00+00:00,30.343,31.476,29.48,31.186
2024-12-01 00:00:00+00:00,31.188,31.869,29.402,30.012
2024-12-02 00:00:00+00:00,30.011,31.895,28.105,31.853
2024-12-03 00:00:00+00:00,31.853,33.944,29.8,33.391
2024-12-04 00:00:00+00:00,33.39,33.888,31.364,31.867
2024-12-05 00:00:00+00:00,31.863,35.027,30.251,32.263
2024-12-06 00:00:00+00:00,32.261,35.297,31.925,34.069
2024-12-07 00:00:00+00:00,34.07,34.428,32.802,33.015
2024-12-08 00:00:00+00:00,33.013,33.436,32.155,33.298
2024-12-09 00:00:00+00:00,33.301,33.368,24.048,28.009
2024-12-10 00:00:00+00:00,28.01,28.588,24.984,27.045
2024-12-11 00:00:00+00:00,27.045,29.027,26.089,28.801
2024-12-12 00:00:00+00:00,28.802,30.798,28.535,29.095
2024-12-13 00:00:00+00:00,29.096,29.422,28.239,29.244
2024-12-14 00:00:00+00:00,29.244,29.62,26.842,27.436
2024-12-15 00:00:00+00:00,27.436,28.717,26.564,28.578
2024-12-16 00:00:00+00:00,28.58,29.46,27.47,28.484
2024-12-17 00:00:00+00:00,28.485,29.337,26.595,26.885
2024-12-18 00:00:00+00:00,26.885,27.671,24.081,24.461
2024-12-19 00:00:00+00:00,24.462,24.78,20.989,21.833
2024-12-20 00:00:00+00:00,21.834,22.769,18.47,22.125
2024-12-21 00:00:00+00:00,22.127,23.53,20.072,20.489
2024-12-22 00:00:00+00:00,20.49,21.162,19.76,20.414
2024-12-23 00:00:00+00:00,20.414,23.775,19.968,23.098
2024-12-24 00:00:00+00:00,23.098,23.808,22.232,23.295
2024-12-25 00:00:00+00:00,23.295,23.717,22.257,22.563
2024-12-26 00:00:00+00:00,22.562,22.934,20.91,21.196
2024-12-27 00:00:00+00:00,21.196,22.095,20.613,20.766
2024-12-28 00:00:00+00:00,20.766,21.5,20.332,21.294
2024-12-29 00:00:00+00:00,21.294,21.358,20.05,20.3
2024-12-30 00:00:00+00:00,20.301,20.996,19.536,20.058
2024-12-31 00:00:00+00:00,20.057,20.514,19.492,19.619
2025-01-01 00:00:00+00:00,19.619,20.857,19.027,20.542
2025-01-02 00:00:00+00:00,20.541,22.176,20.51,21.727
2025-01-03 00:00:00+00:00,21.728,23.277,21.45,23.05
2025-01-04 00:00:00+00:00,23.05,23.879,22.666,23.593
2025-01-05 00:00:00+00:00,23.594,25.788,22.663,25.412
2025-01-06 00:00:00+00:00,25.414,26.714,24.861,25.96
2025-01-07 00:00:00+00:00,25.959,26.488,23.654,23.791
2025-01-08 00:00:00+00:00,23.791,24.545,20.454,21.834
2025-01-09 00:00:00+00:00,21.834,22.186,20.773,21.056
2025-01-10 00:00:00+00:00,21.057,21.839,20.674,21.57
2025-01-11 00:00:00+00:00,21.57,21.93,20.853,21.331
2025-01-12 00:00:00+00:00,21.332,21.599,20.447,20.841
2025-01-13 00:00:00+00:00,20.842,21.456,18.475,20.089
2025-01-14 00:00:00+00:00,20.09,21.227,19.996,21.172
2025-01-15 00:00:00+00:00,21.173,23.42,20.85,23.099
2025-01-16 00:00:00+00:00,23.1,23.317,22.214,22.717
2025-01-17 00:00:00+00:00,22.718,26.024,22.718,24.727
2025-01-18 00:00:00+00:00,24.729,25.114,23.244,23.903
2025-01-19 00:00:00+00:00,23.904,24.278,20.232,20.678
2025-01-20 00:00:00+00:00,20.678,23.785,19.78,21.599
2025-01-21 00:00:00+00:00,21.599,23.207,20.107,22.792
2025-01-22 00:00:00+00:00,22.793,23.095,21.249,21.472
2025-01-23 00:00:00+00:00,21.472,21.868,20.322,20.826
2025-01-24 00:00:00+00:00,20.823,21.876,20.17,20.756
2025-01-25 00:00:00+00:00,20.755,21.163,20.304,20.633
2025-01-26 00:00:00+00:00,20.634,21.417,20.083,20.122
2025-01-27 00:00:00+00:00,20.121,20.272,18.057,19.155
2025-01-28 00:00:00+00:00,19.156,19.425,17.304,17.581
2025-01-29 00:00:00+00:00,17.582,19.071,17.54,18.38
2025-01-30 00:00:00+00:00,18.38,20.33,18.152,19.913
2025-01-31 00:00:00+00:00,19.912,21.181,19.655,20.265
2025-02-01 00:00:00+00:00,20.264,20.576,18.1,18.269
2025-02-02 00:00:00+00:00,18.268,18.842,14.7,15.507
2025-02-03 00:00:00+00:00,15.508,16.274,11.246,16.042
2025-02-04 00:00:00+00:00,16.042,16.142,13.743,14.341
2025-02-05 00:00:00+00:00,14.343,14.943,13.775,13.986
2025-02-06 00:00:00+00:00,13.986,14.38,12.927,13.107
2025-02-07 00:00:00+00:00,13.107,14.748,12.893,13.472
2025-02-08 00:00:00+00:00,13.471,13.962,12.806,13.801
2025-02-09 00:00:00+00:00,13.8,14.348,13.016,13.713
2025-02-10 00:00:00+00:00,13.713,15.127,13.382,14.558
2025-02-11 00:00:00+00:00,14.559,15.604,14.02,14.235
2025-02-12 00:00:00+00:00,14.234,15.042,13.419,14.907
2025-02-13 00:00:00+00:00,14.908,15.377,14.588,15.113
2025-02-14 00:00:00+00:00,15.114,15.837,14.906,15.372
2025-02-15 00:00:00+00:00,15.372,15.867,14.788,15.28
2025-02-16 00:00:00+00:00,15.281,15.349,14.54,14.89
2025-02-17 00:00:00+00:00,14.891,16.236,14.688,14.956
2025-02-18 00:00:00+00:00,14.957,14.973,13.243,13.883
2025-02-19 00:00:00+00:00,13.882,15.248,13.581,14.904
2025-02-20 00:00:00+00:00,14.905,15.867,14.751,15.699
2025-02-21 00:00:00+00:00,15.698,16.837,15.012,15.255
2025-02-22 00:00:00+00:00,15.256,15.682,15.035,15.275
2025-02-23 00:00:00+00:00,15.276,16.141,15.193,16.123
2025-02-24 00:00:00+00:00,16.121,16.28,13.573,13.838
2025-02-25 00:00:00+00:00,13.837,14.201,12.672,13.528
2025-02-26 00:00:00+00:00,13.527,13.831,12.387,12.978
2025-02-27 00:00:00+00:00,12.978,13.808,12.843,13.563
2025-02-28 00:00:00+00:00,13.564,13.617,12.086,13.316
2025-03-01 00:00:00+00:00,13.317,13.504,12.554,13.014
2025-03-02 00:00:00+00:00,13.014,14.408,12.545,14.34
2025-03-03 00:00:00+00:00,14.34,14.381,11.777,11.964
2025-03-04 00:00:00+00:00,11.964,12.028,10.066,11.079
2025-03-05 00:00:00+00:00,11.077,12.14,10.861,12.071
2025-03-06 00:00:00+00:00,12.071,12.745,11.538,11.868
2025-03-07 00:00:00+00:00,11.869,12.146,11.234,11.483
2025-03-08 00:00:00+00:00,11.482,11.483,10.914,11.282
2025-03-09 00:00:00+00:00,11.282,11.363,9.296,9.468
2025-03-10 00:00:00+00:00,9.469,10.342,8.731,8.784
2025-03-11 00:00:00+00:00,8.785,9.558,8.135,9.101
2025-03-12 00:00:00+00:00,9.101,10.034,8.82,9.662
2025-03-13 00:00:00+00:00,9.661,9.719,8.925,9.264
2025-03-14 00:00:00+00:00,9.263,10.31,9.227,9.96
2025-03-15 00:00:00+00:00,9.959,10.394,9.874,10.163
2025-03-16 00:00:00+00:00,10.164,10.261,9.473,9.578
2025-03-17 00:00:00+00:00,9.578,10.316,9.565,9.955
2025-03-18 00:00:00+00:00,9.957,9.978,9.276,9.655
2025-03-19 00:00:00+00:00,9.655,10.299,9.548,10.23
2025-03-20 00:00:00+00:00,10.231,10.35,9.667,9.9
2025-03-21 00:00:00+00:00,9.9,10.119,9.408,9.685
2025-03-22 00:00:00+00:00,9.686,10.05,9.6,9.898
2025-03-23 00:00:00+00:00,9.897,10.103,9.608,9.949
2025-03-24 00:00:00+00:00,9.95,10.676,9.778,10.497
2025-03-25 00:00:00+00:00,10.498,10.803,10.224,10.648
2025-03-26 00:00:00+00:00,10.649,11.115,10.442,10.522
2025-03-27 00:00:00+00:00,10.52,10.71,10.228,10.329
2025-03-28 00:00:00+00:00,10.328,10.331,9.124,9.217
2025-03-29 00:00:00+00:00,9.217,9.294,8.529,8.651
2025-03-30 00:00:00+00:00,8.652,9.032,8.498,8.686
2025-03-31 00:00:00+00:00,8.687,8.872,8.354,8.712
2025-04-01 00:00:00+00:00,8.71,9.169,8.645,8.948
2025-04-02 00:00:00+00:00,8.948,9.144,8.172,8.339
2025-04-03 00:00:00+00:00,8.34,8.7,7.948,8.396
2025-04-04 00:00:00+00:00,8.397,8.615,8.008,8.311
2025-04-05 00:00:00+00:00,8.311,8.392,8.065,8.258
2025-04-06 00:00:00+00:00,8.259,8.278,6.924,7.063
2025-04-07 00:00:00+00:00,7.063,7.625,6.334,7.248
2025-04-08 00:00:00+00:00,7.247,7.518,6.912,6.954
2025-04-09 00:00:00+00:00,6.955,8.143,6.756,7.989
2025-04-10 00:00:00+00:00,7.989,8.075,7.563,7.822
2025-04-11 00:00:00+00:00,7.822,8.418,7.802,8.245
2025-04-12 00:00:00+00:00,8.244,8.57,8.112,8.381
2025-04-13 00:00:00+00:00,8.38,8.523,7.887,7.991
2025-04-14 00:00:00+00:00,7.991,8.394,7.957,7.996
2025-04-15 00:00:00+00:00,7.996,8.139,7.67,7.705
2025-04-16 00:00:00+00:00,7.705,7.877,7.462,7.661
2025-04-17 00:00:00+00:00,7.661,7.882,7.486,7.721
2025-04-18 00:00:00+00:00,7.721,8.07,7.65,7.891
2025-04-19 00:00:00+00:00,7.891,8.403,7.854,8.363
2025-04-20 00:00:00+00:00,8.362,8.617,8.211,8.529
2025-04-21 00:00:00+00:00,8.528,9.083,8.493,8.598
2025-04-22 00:00:00+00:00,8.597,9.451,8.348,9.386
2025-04-23 00:00:00+00:00,9.387,9.688,9.272,9.515
2025-04-24 00:00:00+00:00,9.515,10.249,9.083,10.089
2025-04-25 00:00:00+00:00,10.089,10.387,9.907,10.006
2025-04-26 00:00:00+00:00,10.007,10.536,10.007,10.296
2025-04-27 00:00:00+00:00,10.297,10.391,9.661,9.671
2025-04-28 00:00:00+00:00,9.672,10.218,9.45,9.983
2025-04-29 00:00:00+00:00,9.984,10.113,9.437,9.555
2025-04-30 00:00:00+00:00,9.557,9.764,9.153,9.639
2025-05-01 00:00:00+00:00,9.639,10.612,9.637,10.154
2025-05-02 00:00:00+00:00,10.153,10.593,10.069,10.26
2025-05-03 00:00:00+00:00,10.259,10.267,9.6,9.632
2025-05-04 00:00:00+00:00,9.633,9.708,9.22,9.276
2025-05-05 00:00:00+00:00,9.276,9.73,9.168,9.33
2025-05-06 00:00:00+00:00,9.33,9.379,8.836,9.238
2025-05-07 00:00:00+00:00,9.235,9.672,9.183,9.555
2025-05-08 00:00:00+00:00,9.554,11.281,9.504,11.182
2025-05-09 00:00:00+00:00,11.183,12.155,11.084,11.801
2025-05-10 00:00:00+00:00,11.802,13.567,11.683,13.446
2025-05-11 00:00:00+00:00,13.445,13.521,12.648,13.165
2025-05-12 00:00:00+00:00,13.167,14.342,12.88,13.747
2025-05-13 00:00:00+00:00,13.747,14.051,12.827,13.673
2025-05-14 00:00:00+00:00,13.674,14.002,13.081,13.218
2025-05-15 00:00:00+00:00,13.219,13.358,11.947,12.255
2025-05-16 00:00:00+00:00,12.255,12.635,11.866,11.946
2025-05-17 00:00:00+00:00,11.946,11.993,11.352,11.591
2025-05-18 00:00:00+00:00,11.593,12.681,11.36,12.344
2025-05-19 00:00:00+00:00,12.344,12.487,11.176,11.794
2025-05-20 00:00:00+00:00,11.795,12.309,11.575,12.112
2025-05-21 00:00:00+00:00,12.113,12.84,11.828,12.385
2025-05-22 00:00:00+00:00,12.385,14.366,12.371,14.048
2025-05-23 00:00:00+00:00,14.05,14.944,12.788,12.915
2025-05-24 00:00:00+00:00,12.913,13.853,12.845,13.304
2025-05-25 00:00:00+00:00,13.304,13.38,12.351,13.095
2025-05-26 00:00:00+00:00,13.097,14.262,13.072,13.737
2025-05-27 00:00:00+00:00,13.737,15.084,13.372,14.652
2025-05-28 00:00:00+00:00,14.653,15.476,14.415,15.012
2025-05-29 00:00:00+00:00,15.016,15.295,13.779,13.903
2025-05-30 00:00:00+00:00,13.903,14.429,12.128,12.181
2025-05-31 00:00:00+00:00,12.181,12.477,11.566,12.105
2025-06-01 00:00:00+00:00,12.105,12.251,11.519,12.125
2025-06-02 00:00:00+00:00,12.126,12.564,11.553,12.406
2025-06-03 00:00:00+00:00,12.405,13.101,12.117,12.489
2025-06-04 00:00:00+00:00,12.489,13.133,11.986,12.019
2025-06-05 00:00:00+00:00,12.02,12.511,11.164,11.284
2025-06-06 00:00:00+00:00,11.285,12.287,11.17,11.885
2025-06-07 00:00:00+00:00,11.883,13.184,11.862,13.073
2025-06-08 00:00:00+00:00,13.073,13.681,12.764,13.263
2025-06-09 00:00:00+00:00,13.264,14.026,12.884,13.759
2025-06-10 00:00:00+00:00,13.76,14.312,13.443,14.033
2025-06-11 00:00:00+00:00,14.031,14.077,13.137,13.269
2025-06-12 00:00:00+00:00,13.269,13.278,12.272,12.276
2025-06-13 00:00:00+00:00,12.276,12.281,11.21,11.749
2025-06-14 00:00:00+00:00,11.751,11.936,11.253,11.436
2025-06-15 00:00:00+00:00,11.437,11.645,10.968,11.43
2025-06-16 00:00:00+00:00,11.431,12.354,11.175,11.595
2025-06-17 00:00:00+00:00,11.597,11.861,10.811,10.956
2025-06-18 00:00:00+00:00,10.956,11.494,10.391,11.403
2025-06-19 00:00:00+00:00,11.402,11.706,11.13,11.397
2025-06-20 00:00:00+00:00,11.398,11.667,10.625,10.919
2025-06-21 00:00:00+00:00,10.919,11.253,9.776,10.088
2025-06-22 00:00:00+00:00,10.09,10.276,8.949,9.701
2025-06-23 00:00:00+00:00,9.701,11.011,9.429,10.877
2025-06-24 00:00:00+00:00,10.877,12.026,10.877,11.584
2025-06-25 00:00:00+00:00,11.584,11.596,10.946,11.083
2025-06-26 00:00:00+00:00,11.084,11.587,10.612,10.631
2025-06-27 00:00:00+00:00,10.631,10.894,10.342,10.518
2025-06-28 00:00:00+00:00,10.518,11.053,10.375,10.962
2025-06-29 00:00:00+00:00,10.963,11.66,10.683,11.436
2025-06-30 00:00:00+00:00,11.437,11.523,10.696,10.758
2025-07-01 00:00:00+00:00,10.759,10.828,10.11,10.164
2025-07-02 00:00:00+00:00,10.165,11.521,10.046,11.35
2025-07-03 00:00:00+00:00,11.35,12.112,11.272,11.531
2025-07-04 00:00:00+00:00,11.534,11.71,10.732,10.766
2025-07-05 00:00:00+00:00,10.766,11.052,10.384,10.584
2025-07-06 00:00:00+00:00,10.584,11.014,10.46,10.629
2025-07-07 00:00:00+00:00,10.629,10.718,10.3,10.514
2025-07-08 00:00:00+00:00,10.515,10.79,10.236,10.412
2025-07-09 00:00:00+00:00,10.413,11.094,10.274,11.006
2025-07-10 00:00:00+00:00,11.006,12.19,10.829,12.124
2025-07-11 00:00:00+00:00,12.123,13.227,11.851,12.363
2025-07-12 00:00:00+00:00,12.364,12.836,11.913,12.283
2025-07-13 00:00:00+00:00,12.283,12.774,12.23,12.412
2025-07-14 00:00:00+00:00,12.413,13.097,12.07,12.374
2025-07-15 00:00:00+00:00,12.375,13.435,11.928,13.423
2025-07-16 00:00:00+00:00,13.422,14.05,13.031,13.534
2025-07-17 00:00:00+00:00,13.533,14.234,13.078,14.026
2025-07-18 00:00:00+00:00,14.026,14.769,13.299,13.68
2025-07-19 00:00:00+00:00,13.681,14.236,13.28,14.159
2025-07-20 00:00:00+00:00,14.159,15.311,14.024,14.989
2025-07-21 00:00:00+00:00,14.99,15.715,14.713,15.149
2025-07-22 00:00:00+00:00,15.15,15.432,14.212,15.244
2025-07-23 00:00:00+00:00,15.245,15.256,13.352,13.813
2025-07-24 00:00:00+00:00,13.814,14.078,12.835,13.547
2025-07-25 00:00:00+00:00,13.547,14.044,13.042,13.976
2025-07-26 00:00:00+00:00,13.976,15.138,13.938,14.985
2025-07-27 00:00:00+00:00,14.985,15.596,14.828,15.425
2025-07-28 00:00:00+00:00,15.426,16.336,14.463,14.58
2025-07-29 00:00:00+00:00,14.58,15.267,13.774,14.084
2025-07-30 00:00:00+00:00,14.085,14.329,12.979,13.687
2025-07-31 00:00:00+00:00,13.687,14.635,13.134,13.196
2025-08-01 00:00:00+00:00,13.196,13.367,12.2,12.536
2025-08-02 00:00:00+00:00,12.536,12.817,11.906,12.175
2025-08-03 00:00:00+00:00,12.176,13.187,11.973,12.968
2025-08-04 00:00:00+00:00,12.967,14.014,12.943,13.637
2025-08-05 00:00:00+00:00,13.636,13.755,12.656,12.926
2025-08-06 00:00:00+00:00,12.928,13.215,12.492,12.929
2025-08-07 00:00:00+00:00,12.929,14.147,12.817,14.047
2025-08-08 00:00:00+00:00,14.047,14.39,13.818,14.109
2025-08-09 00:00:00+00:00,14.109,14.833,14.049,14.532
2025-08-10 00:00:00+00:00,14.533,14.774,13.866,14.387
2025-08-11 00:00:00+00:00,14.387,15.016,13.46,13.664
2025-08-12 00:00:00+00:00,13.665,14.966,13.441,14.772
2025-08-13 00:00:00+00:00,14.771,16.51,14.548,16.226
2025-08-14 00:00:00+00:00,16.222,16.569,14.684,15.118
2025-08-15 00:00:00+00:00,15.118,15.49,14.028,14.341
2025-08-16 00:00:00+00:00,14.341,14.806,14.084,14.574
2025-08-17 00:00:00+00:00,14.574,15.978,14.364,15.468
2025-08-18 00:00:00+00:00,15.468,15.744,14.126,14.195
2025-08-19 00:00:00+00:00,14.195,14.439,13.17,13.199
2025-08-20 00:00:00+00:00,13.198,14.171,13.116,13.962
2025-08-21 00:00:00+00:00,13.962,14.128,13.245,13.294
2025-08-22 00:00:00+00:00,13.294,15.065,12.917,14.919
2025-08-23 00:00:00+00:00,14.92,14.957,14.294,14.717
2025-08-24 00:00:00+00:00,14.718,15.185,14.027,14.34
2025-08-25 00:00:00+00:00,14.341,14.557,12.657,12.801
2025-08-26 00:00:00+00:00,12.801,13.956,12.701,13.495
2025-08-27 00:00:00+00:00,13.495,13.697,13.153,13.321
2025-08-28 00:00:00+00:00,13.32,14.179,13.229,14.024
2025-08-29 00:00:00+00:00,14.025,14.044,12.712,12.962
2025-08-30 00:00:00+00:00,12.961,13.206,12.778,12.902
2025-08-31 00:00:00+00:00,12.902,13.138,12.686,12.696
2025-09-01 00:00:00+00:00,12.696,13.169,12.134,12.452
2025-09-02 00:00:00+00:00,12.451,13.211,12.357,12.986
2025-09-03 00:00:00+00:00,12.987,13.416,12.896,13.233
2025-09-04 00:00:00+00:00,13.234,13.31,12.356,12.441
2025-09-05 00:00:00+00:00,12.441,13.157,12.427,12.999
2025-09-06 00:00:00+00:00,12.998,13.179,12.789,12.911
2025-09-07 00:00:00+00:00,12.91,13.28,12.875,13.021
2025-09-08 00:00:00+00:00,13.021,13.729,12.929,13.578
2025-09-09 00:00:00+00:00,13.579,14.541,13.472,14.025
2025-09-10 00:00:00+00:00,14.025,14.285,13.734,13.919
2025-09-11 00:00:00+00:00,13.918,14.406,13.85,14.21
2025-09-12 00:00:00+00:00,14.21,14.524,14.0,14.459
2025-09-13 00:00:00+00:00,14.459,14.875,14.266,14.541
2025-09-14 00:00:00+00:00,14.539,14.559,13.815,14.071
2025-09-15 00:00:00+00:00,14.07,14.313,13.252,13.513
2025-09-16 00:00:00+00:00,13.513,13.899,13.273,13.78
2025-09-17 00:00:00+00:00,13.78,14.537,13.548,14.414
2025-09-18 00:00:00+00:00,14.414,14.797,14.234,14.723
2025-09-19 00:00:00+00:00,14.723,14.872,13.708,13.85
2025-09-20 00:00:00+00:00,13.85,14.049,13.676,13.849
2025-09-21 00:00:00+00:00,13.848,14.028,13.507,13.563
2025-09-22 00:00:00+00:00,13.562,13.617,11.888,12.372
2025-09-23 00:00:00+00:00,12.372,12.57,12.067,12.143
2025-09-24 00:00:00+00:00,12.144,12.715,11.869,12.391
2025-09-25 00:00:00+00:00,12.392,12.435,11.098,11.345
2025-09-26 00:00:00+00:00,11.345,11.952,11.282,11.821
2025-09-27 00:00:00+00:00,11.822,11.927,11.567,11.814
2025-09-28 00:00:00+00:00,11.814,12.162,11.46,12.092
2025-09-29 00:00:00+00:00,12.092,12.229,11.702,12.057
2025-09-30 00:00:00+00:00,12.057,12.1,11.526,12.003
2025-10-01 00:00:00+00:00,12.003,12.633,11.838,12.615
2025-10-02 00:00:00+00:00,12.616,12.985,12.344,12.945
2025-10-03 00:00:00+00:00,12.944,13.61,12.66,13.385
2025-10-04 00:00:00+00:00,13.385,13.5,12.1,12.542
2025-10-05 00:00:00+00:00,12.543,13.158,12.42,12.676
2025-10-06 00:00:00+00:00,12.676,13.576,12.567,13.054
2025-10-07 00:00:00+00:00,13.054,13.206,12.35,12.403
2025-10-08 00:00:00+00:00,12.403,12.859,12.213,12.658
2025-10-09 00:00:00+00:00,12.658,12.703,11.793,12.103
2025-10-10 00:00:00+00:00,12.103,12.448,2.733,8.589
2025-10-11 00:00:00+00:00,8.588,9.393,8.206,8.476
2025-10-12 00:00:00+00:00,8.476,9.818,8.247,9.55
2025-10-13 00:00:00+00:00,9.548,10.084,9.24,9.923
2025-10-14 00:00:00+00:00,9.923,9.987,8.933,9.54
2025-10-15 00:00:00+00:00,9.54,9.716,8.902,9.039
2025-10-16 00:00:00+00:00,9.04,9.303,8.464,8.619
2025-10-17 00:00:00+00:00,8.619,8.746,7.762,8.338
2025-10-18 00:00:00+00:00,8.339,8.559,8.321,8.433
2025-10-19 00:00:00+00:00,8.434,8.743,8.266,8.547
2025-10-20 00:00:00+00:00,8.547,8.986,8.333,8.739
2025-10-21 00:00:00+00:00,8.738,9.181,8.288,8.442
2025-10-22 00:00:00+00:00,8.442,8.504,7.94,8.193
2025-10-23 00:00:00+00:00,8.194,8.637,8.139,8.406
2025-10-24 00:00:00+00:00,8.407,8.739,8.246,8.479
2025-10-25 00:00:00+00:00,8.478,8.483,8.299,8.399
2025-10-26 00:00:00+00:00,8.4,9.088,8.28,9.02
2025-10-27 00:00:00+00:00,9.021,9.139,8.535,8.623
2025-10-28 00:00:00+00:00,8.623,8.784,8.2,8.376
2025-10-29 00:00:00+00:00,8.375,8.809,8.242,8.492
2025-10-30 00:00:00+00:00,8.493,8.637,7.397,7.637
2025-10-31 00:00:00+00:00,7.637,7.866,7.382,7.576
2025-11-01 00:00:00+00:00,7.575,8.099,7.499,7.935
2025-11-02 00:00:00+00:00,7.935,8.124,7.495,7.831
2025-11-03 00:00:00+00:00,7.832,7.864,6.5,6.734
2025-11-04 00:00:00+00:00,6.735,6.99,6.011,6.472
2025-11-05 00:00:00+00:00,6.471,6.799,6.079,6.581
2025-11-06 00:00:00+00:00,6.58,6.653,6.061,6.327
2025-11-07 00:00:00+00:00,6.327,7.955,6.322,7.678
2025-11-08 00:00:00+00:00,7.68,8.924,7.274,7.436
2025-11-09 00:00:00+00:00,7.436,7.653,7.07,7.595
2025-11-10 00:00:00+00:00,7.596,8.555,7.505,8.185
2025-11-11 00:00:00+00:00,8.186,8.317,7.486,7.546
2025-11-12 00:00:00+00:00,7.547,7.97,7.115,7.227
2025-11-13 00:00:00+00:00,7.225,7.745,6.717,6.937
2025-11-14 00:00:00+00:00,6.938,7.329,6.537,6.671
2025-11-15 00:00:00+00:00,6.672,6.978,6.64,6.746
2025-11-16 00:00:00+00:00,6.746,6.934,6.282,6.486
2025-11-17 00:00:00+00:00,6.484,6.954,6.136,6.234
2025-11-18 00:00:00+00:00,6.235,6.807,6.123,6.601
2025-11-19 00:00:00+00:00,6.601,6.986,6.103,6.51
2025-11-20 00:00:00+00:00,6.51,6.771,5.907,5.946
2025-11-21 00:00:00+00:00,5.945,6.127,5.195,5.439
2025-11-22 00:00:00+00:00,5.439,5.542,5.183,5.395
2025-11-23 00:00:00+00:00,5.394,5.532,5.334,5.349
2025-11-24 00:00:00+00:00,5.349,5.92,5.284,5.757
2025-11-25 00:00:00+00:00,5.758,6.066,5.557,5.953
2025-11-26 00:00:00+00:00,5.953,6.08,5.724,6.024
2025-11-27 00:00:00+00:00,6.024,6.3,5.908,6.167
2025-11-28 00:00:00+00:00,6.168,6.342,5.938,5.975
2025-11-29 00:00:00+00:00,5.976,6.092,5.871,5.94
2025-11-30 00:00:00+00:00,5.94,5.99,5.712,5.726
2025-12-01 00:00:00+00:00,5.727,5.744,5.02,5.209
2025-12-02 00:00:00+00:00,5.21,5.898,5.164,5.828
2025-12-03 00:00:00+00:00,5.828,6.079,5.703,5.996
2025-12-04 00:00:00+00:00,5.997,6.096,5.731,5.78
2025-12-05 00:00:00+00:00,5.779,5.869,5.349,5.495
2025-12-06 00:00:00+00:00,5.494,5.629,5.418,5.533
2025-12-07 00:00:00+00:00,5.533,5.661,5.266,5.426
2025-12-08 00:00:00+00:00,5.427,5.86,5.4,5.624
2025-12-09 00:00:00+00:00,5.625,6.185,5.489,5.822
2025-12-10 00:00:00+00:00,5.823,6.101,5.559,5.64
2025-12-11 00:00:00+00:00,5.64,5.687,5.294,5.548
2025-12-12 00:00:00+00:00,5.547,5.796,5.154,5.336
2025-12-13 00:00:00+00:00,5.336,5.435,5.307,5.384
2025-12-14 00:00:00+00:00,5.383,5.412,5.077,5.158
2025-12-15 00:00:00+00:00,5.157,5.379,4.796,4.958
2025-12-16 00:00:00+00:00,4.957,5.04,4.836,4.914
2025-12-17 00:00:00+00:00,4.913,5.093,4.579,4.627
2025-12-18 00:00:00+00:00,4.628,4.881,4.344,4.432
2025-12-19 00:00:00+00:00,4.433,4.921,4.361,4.83
2025-12-20 00:00:00+00:00,4.83,4.874,4.743,4.759
2025-12-21 00:00:00+00:00,4.759,4.768,4.5,4.554
2025-12-22 00:00:00+00:00,4.555,4.755,4.524,4.66
2025-12-23 00:00:00+00:00,4.661,4.702,4.478,4.603
2025-12-24 00:00:00+00:00,4.603,4.629,4.42,4.576
2025-12-25 00:00:00+00:00,4.577,4.675,4.427,4.441
2025-12-26 00:00:00+00:00,4.44,4.71,4.414,4.631
2025-12-27 00:00:00+00:00,4.631,4.877,4.573,4.848
2025-12-28 00:00:00+00:00,4.847,4.866,4.704,4.757
2025-12-29 00:00:00+00:00,4.756,4.894,4.534,4.553
2025-12-30 00:00:00+00:00,4.553,4.645,4.482,4.484
2025-12-31 00:00:00+00:00,4.485,4.523,4.182,4.186
2026-01-01 00:00:00+00:00,4.186,4.594,4.159,4.534
2026-01-02 00:00:00+00:00,4.534,4.959,4.488,4.915
2026-01-03 00:00:00+00:00,4.914,4.99,4.781,4.909
2026-01-04 00:00:00+00:00,4.91,5.234,4.902,5.18
2026-01-05 00:00:00+00:00,5.179,5.49,5.074,5.386
2026-01-06 00:00:00+00:00,5.386,5.916,5.305,5.593
2026-01-07 00:00:00+00:00,5.593,5.594,5.192,5.259
2026-01-08 00:00:00+00:00,5.26,5.287,5.0,5.189
2026-01-09 00:00:00+00:00,5.19,5.397,5.1,5.192
2026-01-10 00:00:00+00:00,5.191,5.374,5.087,5.194
2026-01-11 00:00:00+00:00,5.194,5.317,5.077,5.181
2026-01-12 00:00:00+00:00,5.181,5.35,4.978,5.021
2026-01-13 00:00:00+00:00,5.021,5.795,5.011,5.644
2026-01-14 00:00:00+00:00,5.644,5.724,5.487,5.524
2026-01-15 00:00:00+00:00,5.525,5.535,5.087,5.162
2026-01-16 00:00:00+00:00,5.162,5.354,5.025,5.284
2026-01-17 00:00:00+00:00,5.286,5.513,5.285,5.314
2026-01-18 00:00:00+00:00,5.314,5.353,4.9,4.908
2026-01-19 00:00:00+00:00,4.908,4.909,4.406,4.837
2026-01-20 00:00:00+00:00,4.837,4.856,4.451,4.49
2026-01-21 00:00:00+00:00,4.49,4.809,4.475,4.636
2026-01-22 00:00:00+00:00,4.637,4.725,4.497,4.592
2026-01-23 00:00:00+00:00,4.591,4.706,4.47,4.58
2026-01-24 00:00:00+00:00,4.579,4.609,4.509,4.537
2026-01-25 00:00:00+00:00,4.536,4.566,4.166,4.285
2026-01-26 00:00:00+00:00,4.286,4.515,4.27,4.435
2026-01-27 00:00:00+00:00,4.435,4.512,4.34,4.484
2026-01-28 00:00:00+00:00,4.485,4.542,4.393,4.494
2026-01-29 00:00:00+00:00,4.495,4.509,3.988,4.074
2026-01-30 00:00:00+00:00,4.075,4.107,3.876,3.996
2026-01-31 00:00:00+00:00,3.997,4.004,3.242,3.616
2026-02-01 00:00:00+00:00,3.616,3.699,3.443,3.521
2026-02-02 00:00:00+00:00,3.52,3.812,3.43,3.654
2026-02-03 00:00:00+00:00,3.655,3.809,3.458,3.58
2026-02-04 00:00:00+00:00,3.579,3.688,3.429,3.504
2026-02-05 00:00:00+00:00,3.503,3.56,2.913,2.978
2026-02-06 00:00:00+00:00,2.978,3.384,2.635,3.288
2026-02-07 00:00:00+00:00,3.287,3.36,3.13,3.281
2026-02-08 00:00:00+00:00,3.282,3.29,3.136,3.188
2026-02-09 00:00:00+00:00,3.189,3.241,3.051,3.151
2026-02-10 00:00:00+00:00,3.151,3.172,2.997,3.042
2026-02-11 00:00:00+00:00,3.042,3.133,2.928,3.005
2026-02-12 00:00:00+00:00,3.006,3.161,2.967,3.045
2026-02-13 00:00:00+00:00,3.045,3.147,2.96,3.103
2026-02-14 00:00:00+00:00,3.103,3.326,3.103,3.273
2026-02-15 00:00:00+00:00,3.273,3.312,3.062,3.143
2026-02-16 00:00:00+00:00,3.144,3.226,3.091,3.163
2026-02-17 00:00:00+00:00,3.164,3.171,3.071,3.098
2026-02-18 00:00:00+00:00,3.099,3.144,2.955,2.981
2026-02-19 00:00:00+00:00,2.982,3.44,2.965,3.272
2026-02-20 00:00:00+00:00,3.272,3.467,3.116,3.435
2026-02-21 00:00:00+00:00,3.434,4.018,3.387,3.769
2026-02-22 00:00:00+00:00,3.768,3.775,3.492,3.503
2026-02-23 00:00:00+00:00,3.503,3.548,3.308,3.317
2026-02-24 00:00:00+00:00,3.317,3.389,3.112,3.126
2026-02-25 00:00:00+00:00,3.126,3.406,3.108,3.252
2026-02-26 00:00:00+00:00,3.251,3.283,3.09,3.194
2026-02-27 00:00:00+00:00,3.193,3.295,3.003,3.078
2026-02-28 00:00:00+00:00,3.078,3.141,2.864,3.121
2026-03-01 00:00:00+00:00,3.121,3.208,2.941,2.997
2026-03-02 00:00:00+00:00,2.998,3.156,2.969,3.086
2026-03-03 00:00:00+00:00,3.087,3.094,2.957,3.03
2026-03-04 00:00:00+00:00,3.03,3.173,2.981,3.122
2026-03-05 00:00:00+00:00,3.121,3.13,2.984,3.021
2026-03-06 00:00:00+00:00,3.021,3.05,2.833,2.901
2026-03-07 00:00:00+00:00,2.901,2.913,2.806,2.827
2026-03-08 00:00:00+00:00,2.826,2.875,2.753,2.797
2026-03-09 00:00:00+00:00,2.796,2.979,2.79,2.898
2026-03-10 00:00:00+00:00,2.897,3.028,2.895,2.936
2026-03-11 00:00:00+00:00,2.936,3.027,2.895,3.003
2026-03-12 00:00:00+00:00,3.003,3.075,2.955,3.049
2026-03-13 00:00:00+00:00,3.05,3.17,3.042,3.087
2026-03-14 00:00:00+00:00,3.086,3.101,3.003,3.042
2026-03-15 00:00:00+00:00,3.043,3.124,3.016,3.109
2026-03-16 00:00:00+00:00,3.109,3.34,3.085,3.325
2026-03-17 00:00:00+00:00,3.325,3.331,3.196,3.225
2026-03-18 00:00:00+00:00,3.225,3.273,3.019,3.075
2026-03-19 00:00:00+00:00,3.076,3.083,2.948,3.058
2026-03-20 00:00:00+00:00,3.057,3.246,3.049,3.082
2026-03-21 00:00:00+00:00,3.082,3.153,3.007,3.032
2026-03-22 00:00:00+00:00,3.031,3.061,2.902,2.946
2026-03-23 00:00:00+00:00,2.947,3.108,2.897,3.088
2026-03-24 00:00:00+00:00,3.087,3.103,2.987,3.06
2026-03-25 00:00:00+00:00,3.06,3.128,3.049,3.081
2026-03-26 00:00:00+00:00,3.081,3.081,2.917,2.95
2026-03-27 00:00:00+00:00,2.951,2.989,2.86,2.879
2026-03-28 00:00:00+00:00,2.879,2.928,2.798,2.817
2026-03-29 00:00:00+00:00,2.817,2.847,2.715,2.801
2026-03-30 00:00:00+00:00,2.8,2.954,2.798,2.854
2026-03-31 00:00:00+00:00,2.855,2.918,2.826,2.878
2026-04-01 00:00:00+00:00,2.879,2.963,2.853,2.869
2026-04-02 00:00:00+00:00,2.868,2.898,2.722,2.74
2026-04-03 00:00:00+00:00,2.741,2.849,2.739,2.792
2026-04-04 00:00:00+00:00,2.792,2.838,2.774,2.811
2026-04-05 00:00:00+00:00,2.811,2.827,2.745,2.824
2026-04-06 00:00:00+00:00,2.825,2.974,2.825,2.845
2026-04-07 00:00:00+00:00,2.845,3.047,2.79,3.016
2026-04-08 00:00:00+00:00,3.016,3.046,2.881,2.902
2026-04-09 00:00:00+00:00,2.902,3.033,2.866,2.962
2026-04-10 00:00:00+00:00,2.962,3.084,2.934,3.049
2026-04-11 00:00:00+00:00,3.05,3.085,2.976,3.013
2026-04-12 00:00:00+00:00,3.013,3.023,2.879,2.889
2026-04-13 00:00:00+00:00,2.89,3.065,2.888,3.055
2026-04-14 00:00:00+00:00,3.055,3.064,2.946,2.979
2026-04-15 00:00:00+00:00,2.979,3.429,2.978,3.247
2026-04-16 00:00:00+00:00,3.247,3.47,3.214,3.401
2026-04-17 00:00:00+00:00,3.401,3.499,3.34,3.362
2026-04-18 00:00:00+00:00,3.361,3.382,3.197,3.201
2026-04-19 00:00:00+00:00,3.201,3.34,3.155,3.177
2026-04-20 00:00:00+00:00,3.178,3.361,3.169,3.28
2026-04-21 00:00:00+00:00,3.28,3.337,3.196,3.264
2026-04-22 00:00:00+00:00,3.264,3.377,3.252,3.281
2026-04-23 00:00:00+00:00,3.282,3.403,3.238,3.379
2026-04-24 00:00:00+00:00,3.38,3.499,3.333,3.426
2026-04-25 00:00:00+00:00,3.426,3.658,3.413,3.54
2026-04-26 00:00:00+00:00,3.541,4.016,3.504,3.736
2026-04-27 00:00:00+00:00,3.736,3.91,3.513,3.581
2026-04-28 00:00:00+00:00,3.581,3.658,3.471,3.567
2026-04-29 00:00:00+00:00,3.566,3.63,3.382,3.474
2026-04-30 00:00:00+00:00,3.474,3.515,3.401,3.418
2026-05-01 00:00:00+00:00,3.418,3.699,3.417,3.643
2026-05-02 00:00:00+00:00,3.643,3.896,3.632,3.798
2026-05-03 00:00:00+00:00,3.797,3.805,3.702,3.735
2026-05-04 00:00:00+00:00,3.736,3.81,3.664,3.68
2026-05-05 00:00:00+00:00,3.681,3.873,3.663,3.761
2026-05-06 00:00:00+00:00,3.762,3.921,3.745,3.898
2026-05-07 00:00:00+00:00,3.898,3.953,3.786,3.84
2026-05-08 00:00:00+00:00,3.841,4.299,3.797,4.228
2026-05-09 00:00:00+00:00,4.229,4.368,4.172,4.205
2026-05-10 00:00:00+00:00,4.204,4.395,4.09,4.28
2026-05-11 00:00:00+00:00,4.28,4.792,4.169,4.612
2026-05-12 00:00:00+00:00,4.612,4.955,4.513,4.786
2026-05-13 00:00:00+00:00,4.785,6.076,4.727,5.139
2026-05-14 00:00:00+00:00,5.14,5.33,4.906,5.154
2026-05-15 00:00:00+00:00,5.153,5.29,4.713,4.884
2026-05-16 00:00:00+00:00,4.884,4.941,4.544,4.728
2026-05-17 00:00:00+00:00,4.728,4.976,4.43,4.556
2026-05-18 00:00:00+00:00,4.557,5.169,4.503,5.14
2026-05-19 00:00:00+00:00,5.14,5.438,4.831,4.921
2026-05-20 00:00:00+00:00,4.921,5.264,4.744,4.805
2026-05-21 00:00:00+00:00,4.805,5.344,4.79,5.248
2026-05-22 00:00:00+00:00,5.248,5.655,5.051,5.17
2026-05-23 00:00:00+00:00,5.171,5.523,4.73,5.336
2026-05-24 00:00:00+00:00,5.337,5.352,5.044,5.131
2026-05-25 00:00:00+00:00,5.13,5.829,5.035,5.668
2026-05-26 00:00:00+00:00,5.669,6.103,5.454,5.675
2026-05-27 00:00:00+00:00,5.676,5.985,5.406,5.473
2026-05-28 00:00:00+00:00,5.472,5.63,5.247,5.46
2026-05-29 00:00:00+00:00,5.46,6.713,5.46,6.427
2026-05-30 00:00:00+00:00,6.427,7.052,6.311,6.592
2026-05-31 00:00:00+00:00,6.593,6.749,6.288,6.536
2026-06-01 00:00:00+00:00,6.537,7.344,6.404,6.985
2026-06-02 00:00:00+00:00,6.985,7.333,6.45,6.58
2026-06-03 00:00:00+00:00,6.581,6.977,6.319,6.51
2026-06-04 00:00:00+00:00,6.51,6.581,5.264,5.4
2026-06-05 00:00:00+00:00,5.399,5.52,4.772,5.155
2026-06-06 00:00:00+00:00,5.155,5.429,4.836,5.162
2026-06-07 00:00:00+00:00,5.163,5.59,5.085,5.428
2026-06-08 00:00:00+00:00,5.428,5.924,5.353,5.654
2026-06-09 00:00:00+00:00,5.654,5.841,5.406,5.537
2026-06-10 00:00:00+00:00,5.538,5.578,4.883,4.938
2026-06-11 00:00:00+00:00,4.938,5.5,4.936,5.399
2026-06-12 00:00:00+00:00,5.399,5.637,5.049,5.077
2026-06-13 00:00:00+00:00,5.078,5.45,5.021,5.269
2026-06-14 00:00:00+00:00,5.269,5.282,4.914,5.229
2026-06-15 00:00:00+00:00,5.228,5.744,5.075,5.575
2026-06-16 00:00:00+00:00,5.574,6.108,5.44,5.541
2026-06-17 00:00:00+00:00,5.541,5.705,5.262,5.444
2026-06-18 00:00:00+00:00,5.443,5.529,5.045,5.401
2026-06-19 00:00:00+00:00,5.402,5.403,4.981,5.129
2026-06-20 00:00:00+00:00,5.128,5.182,4.885,5.053
2026-06-21 00:00:00+00:00,5.054,5.129,4.747,4.817
2026-06-22 00:00:00+00:00,4.817,5.023,4.759,4.815
2026-06-23 00:00:00+00:00,4.814,4.87,4.502,4.543
2026-06-24 00:00:00+00:00,4.543,4.586,4.122,4.262
2026-06-25 00:00:00+00:00,4.263,4.344,4.02,4.275
2026-06-26 00:00:00+00:00,4.276,4.909,4.179,4.871
2026-06-27 00:00:00+00:00,4.871,5.074,4.619,4.633
2026-06-28 00:00:00+00:00,4.633,4.777,4.493,4.552
2026-06-29 00:00:00+00:00,4.553,4.85,4.529,4.727
2026-06-30 00:00:00+00:00,4.726,4.812,4.477,4.548
2026-07-01 00:00:00+00:00,4.549,4.876,4.451,4.49
2026-07-02 00:00:00+00:00,4.489,4.726,4.426,4.622
2026-07-03 00:00:00+00:00,4.622,4.936,4.621,4.861
2026-07-04 00:00:00+00:00,4.861,4.949,4.745,4.807
2026-07-05 00:00:00+00:00,4.808,4.834,4.591,4.81
2026-07-06 00:00:00+00:00,4.809,4.987,4.666,4.816
2026-07-07 00:00:00+00:00,4.816,4.888,4.623,4.721
2026-07-08 00:00:00+00:00,4.721,4.772,4.527,4.735
2026-07-09 00:00:00+00:00,4.735,4.963,4.701,4.832
2026-07-10 00:00:00+00:00,4.832,5.026,4.784,5.011
2026-07-11 00:00:00+00:00,5.012,5.153,4.922,4.925
2026-07-12 00:00:00+00:00,4.925,4.973,4.8,4.868
2026-07-13 00:00:00+00:00,4.869,4.961,4.611,4.672
2026-07-14 00:00:00+00:00,4.672,5.121,4.659,5.052
2026-07-15 00:00:00+00:00,5.053,5.214,4.892,5.091
2026-07-16 00:00:00+00:00,5.091,5.23,4.851,4.856
2026-07-17 00:00:00+00:00,4.856,5.147,4.815,5.143
2026-07-18 00:00:00+00:00,5.143,5.223,5.018,5.162
2026-07-19 00:00:00+00:00,5.163,5.211,5.025,5.105
2026-07-20 00:00:00+00:00,5.105,5.485,5.074,5.344
2026-07-21 00:00:00+00:00,5.344,5.409,5.265,5.301
2026-07-22 00:00:00+00:00,5.301,5.426,5.132,5.169
2026-07-23 00:00:00+00:00,5.169,5.21,5.076,5.172
2026-07-24 00:00:00+00:00,5.173,5.454,5.105,5.167
2026-07-25 00:00:00+00:00,5.168,5.348,5.004,5.077
2026-07-26 00:00:00+00:00,5.077,5.106,4.844,5.009
2026-07-27 00:00:00+00:00,5.009,5.01,4.711,4.724
2026-07-28 00:00:00+00:00,4.724,4.765,4.528,4.629
2026-07-29 00:00:00+00:00,4.628,4.672,4.461,4.602
2026-07-30 00:00:00+00:00,4.603,5.019,4.578,5.01
2026-07-31 00:00:00+00:00,5.009,5.092,4.754,4.866
2026-08-01 00:00:00+00:00,4.865,4.954,4.813,4.867
2026-08-02 00:00:00+00:00,4.868,5.162,4.853,5.069
2026-08-03 00:00:00+00:00,5.07,5.08,4.901,4.953
2026-08-04 00:00:00+00:00,4.953,5.036,4.875,4.883
2026-08-05 00:00:00+00:00,4.884,4.982,4.809,4.856
2026-08-06 00:00:00+00:00,4.856,4.885,4.555,4.574
2026-08-07 00:00:00+00:00,4.574,4.576,4.417,4.509
2026-08-08 00:00:00+00:00,4.508,4.573,4.342,4.409
2026-08-09 00:00:00+00:00,4.409,4.474,4.278,4.295
2026-08-10 00:00:00+00:00,4.295,4.532,4.282,4.381
2026-08-11 00:00:00+00:00,4.381,4.671,4.361,4.662
2026-08-12 00:00:00+00:00,4.661,4.698,4.507,4.623
2026-08-13 00:00:00+00:00,4.622,4.686,4.534,4.608
2026-08-14 00:00:00+00:00,4.608,4.617,4.154,4.271
2026-08-15 00:00:00+00:00,4.271,4.29,4.107,4.168
2026-08-16 00:00:00+00:00,4.169,4.219,4.031,4.08
2026-08-17 00:00:00+00:00,4.08,4.189,4.04,4.078
2026-08-18 00:00:00+00:00,4.078,4.097,3.948,4.082
2026-08-19 00:00:00+00:00,4.082,4.661,4.055,4.579
2026-08-20 00:00:00+00:00,4.578,4.886,4.539,4.769
2026-08-21 00:00:00+00:00,4.769,5.129,4.725,5.061
2026-08-22 00:00:00+00:00,5.061,5.334,4.5,4.936
2026-08-23 00:00:00+00:00,4.935,5.465,4.729,5.356
2026-08-24 00:00:00+00:00,5.356,6.009,5.191,5.691
2026-08-25 00:00:00+00:00,5.691,6.067,5.345,5.566
2026-08-26 00:00:00+00:00,5.566,5.68,5.254,5.551
2026-08-27 00:00:00+00:00,5.551,5.625,5.322,5.492
2026-08-28 00:00:00+00:00,5.492,5.58,5.081,5.147
2026-08-29 00:00:00+00:00,5.147,5.202,4.993,5.164
2026-08-30 00:00:00+00:00,5.164,5.36,4.913,4.981
2026-08-31 00:00:00+00:00,4.981,5.059,4.874,4.929
2026-09-01 00:00:00+00:00,4.93,5.01,4.774,4.802
2026-09-02 00:00:00+00:00,4.801,4.925,4.707,4.764
2026-09-03 00:00:00+00:00,4.764,5.096,4.725,4.969
2026-09-04 00:00:00+00:00,4.969,5.008,4.636,4.807
2026-09-05 00:00:00+00:00,4.807,4.977,4.709,4.939
2026-09-06 00:00:00+00:00,4.94,5.385,4.94,5.305
2026-09-07 00:00:00+00:00,5.305,6.353,5.302,6.181
2026-09-08 00:00:00+00:00,6.182,6.714,6.153,6.402
2026-09-09 00:00:00+00:00,6.403,6.544,5.961,6.129
2026-09-10 00:00:00+00:00,6.129,6.149,5.75,5.94
2026-09-11 00:00:00+00:00,5.939,6.131,5.692,5.734
2026-09-12 00:00:00+00:00,5.733,6.184,5.719,5.986
2026-09-13 00:00:00+00:00,5.985,6.224,5.765,5.9
2026-09-14 00:00:00+00:00,5.9,6.433,5.841,6.28
2026-09-15 00:00:00+00:00,6.28,6.296,5.379,5.433
2026-09-16 00:00:00+00:00,5.433,5.496,5.147,5.408
2026-09-17 00:00:00+00:00,5.408,5.765,5.388,5.72
2026-09-18 00:00:00+00:00,5.72,6.984,5.664,6.677
2026-09-19 00:00:00+00:00,6.676,8.355,6.659,7.925
2026-09-20 00:00:00+00:00,7.926,8.261,7.371,7.783
2026-09-21 00:00:00+00:00,7.784,8.036,7.515,7.853
2026-09-22 00:00:00+00:00,7.852,8.226,7.451,7.904
2026-09-23 00:00:00+00:00,7.903,8.378,7.456,7.803
2026-09-24 00:00:00+00:00,7.802,8.692,7.595,8.043
2026-09-25 00:00:00+00:00,8.044,8.414,7.658,8.186
2026-09-26 00:00:00+00:00,8.187,8.202,7.41,7.773
