date,open,close,dividends,splits
2020-01-02 00:00:00+00:00,67.4205,68.434,0.0,0.0
2020-01-03 00:00:00+00:00,67.4,68.076,0.0,0.0
2020-01-06 00:00:00+00:00,67.5815,69.8905,0.0,0.0
2020-01-07 00:00:00+00:00,70.023,69.7555,0.0,0.0
2020-01-08 00:00:00+00:00,69.741,70.252,0.0,0.0
2020-01-09 00:00:00+00:00,71.0965,70.9895,0.0,0.0
2020-01-10 00:00:00+00:00,71.4735,71.448,0.0,0.0
2020-01-13 00:00:00+00:00,71.7625,72.0015,0.0,0.0
2020-01-14 00:00:00+00:00,72.0,71.5295,0.0,0.0
2020-01-15 00:00:00+00:00,71.651,71.96,0.0,0.0
2020-01-16 00:00:00+00:00,72.2725,72.508,0.0,0.0
2020-01-17 00:00:00+00:00,73.127,73.976,0.0,0.0
2020-01-21 00:00:00+00:00,73.95,74.1125,0.0,0.0
2020-01-22 00:00:00+00:00,74.4865,74.2085,0.0,0.0
2020-01-23 00:00:00+00:00,74.3775,74.2345,0.0,0.0
2020-01-24 00:00:00+00:00,74.641,73.3085,0.0,0.0
2020-01-27 00:00:00+00:00,71.577,71.5865,0.0,0.0
2020-01-28 00:00:00+00:00,72.087,72.525,0.0,0.0
2020-01-29 00:00:00+00:00,72.923,72.835,0.0,0.0
2020-01-30 00:00:00+00:00,71.905,72.7125,0.0,0.0
2020-01-31 00:00:00+00:00,73.393,71.639,0.0,0.0
2020-02-03 00:00:00+00:00,73.0825,74.13,0.0,0.0
2020-02-04 00:00:00+00:00,72.7245,72.2705,0.0,0.0
2020-02-05 00:00:00+00:00,73.1805,72.3025,0.0,0.0
2020-02-06 00:00:00+00:00,72.599,73.7985,0.0,0.0
2020-02-07 00:00:00+00:00,73.3693,73.9555,0.0,0.0
2020-02-10 00:00:00+00:00,73.8615,75.433,0.0,0.0
2020-02-11 00:00:00+00:00,75.6635,75.503,0.0,0.0
2020-02-12 00:00:00+00:00,75.793,75.9315,0.0,0.0
2020-02-13 00:00:00+00:00,75.5,75.6695,0.0,0.0
2020-02-14 00:00:00+00:00,75.7265,75.9365,0.0,0.0
2020-02-18 00:00:00+00:00,75.717,75.972,0.0,0.0
2020-02-19 00:00:00+00:00,76.36,76.2435,0.0,0.0
2020-02-20 00:00:00+00:00,75.9505,75.8495,0.0,0.0
2020-02-21 00:00:00+00:00,75.229,74.173,0.0,0.0
2020-02-24 00:00:00+00:00,71.1525,70.993,0.0,0.0
2020-02-25 00:00:00+00:00,71.55,69.316,0.0,0.0
2020-02-26 00:00:00+00:00,69.749,69.5235,0.0,0.0
2020-02-27 00:00:00+00:00,67.957,65.7475,0.0,0.0
2020-02-28 00:00:00+00:00,63.7155,66.9625,0.0,0.0
2020-03-02 00:00:00+00:00,67.5695,69.316,0.0,0.0
2020-03-03 00:00:00+00:00,69.884,66.886,0.0,0.0
2020-03-04 00:00:00+00:00,67.948,69.08,0.0,0.0
2020-03-05 00:00:00+00:00,67.2775,65.738,0.0,0.0
2020-03-06 00:00:00+00:00,63.4975,64.787,0.0,0.0
2020-03-09 00:00:00+00:00,60.248,60.7895,0.0,0.0
2020-03-10 00:00:00+00:00,62.7195,63.7585,0.0,0.0
2020-03-11 00:00:00+00:00,62.4135,60.545,0.0,0.0
2020-03-12 00:00:00+00:00,56.131,55.5775,0.0,0.0
2020-03-13 00:00:00+00:00,58.7495,60.7135,0.0,0.0
2020-03-16 00:00:00+00:00,54.4805,53.65,0.0,0.0
2020-03-17 00:00:00+00:00,54.532,55.903,0.0,0.0
2020-03-18 00:00:00+00:00,52.997,54.5595,0.0,0.0
2020-03-19 00:00:00+00:00,54.411,55.5835,0.0,0.0
2020-03-20 00:00:00+00:00,56.545,53.4105,0.0,0.0
2020-03-23 00:00:00+00:00,52.8185,52.7065,0.0,0.0
2020-03-24 00:00:00+00:00,55.199,56.5005,0.0,0.0
2020-03-25 00:00:00+00:00,56.229,55.081,0.0,0.0
2020-03-26 00:00:00+00:00,55.736,58.146,0.0,0.0
2020-03-27 00:00:00+00:00,56.3735,55.513,0.0,0.0
2020-03-30 00:00:00+00:00,56.632,57.3155,0.0,0.0
2020-03-31 00:00:00+00:00,57.4365,58.0975,0.0,0.0
2020-04-01 00:00:00+00:00,56.2,55.105,0.0,0.0
2020-04-02 00:00:00+00:00,55.0,55.8515,0.0,0.0
2020-04-03 00:00:00+00:00,55.7355,54.635,0.0,0.0
2020-04-06 00:00:00+00:00,56.65,59.1595,0.0,0.0
2020-04-07 00:00:00+00:00,60.8505,59.128,0.0,0.0
2020-04-08 00:00:00+00:00,60.155,60.35,0.0,0.0
2020-04-09 00:00:00+00:00,60.909,60.3285,0.0,0.0
2020-04-13 00:00:00+00:00,60.075,60.5205,0.0,0.0
2020-04-14 00:00:00+00:00,61.9987,63.2615,0.0,0.0
2020-04-15 00:00:00+00:00,62.3255,62.865,0.0,0.0
2020-04-16 00:00:00+00:00,63.357,62.8715,0.0,0.0
2020-04-17 00:00:00+00:00,64.085,63.95,0.0,0.0
2020-04-20 00:00:00+00:00,63.4945,63.0575,0.0,0.0
2020-04-21 00:00:00+00:00,62.1355,60.608,0.0,0.0
2020-04-22 00:00:00+00:00,62.0555,62.9205,0.0,0.0
2020-04-23 00:00:00+00:00,63.287,63.5585,0.0,0.0
2020-04-24 00:00:00+00:00,62.75,63.83,0.0,0.0
2020-04-27 00:00:00+00:00,64.6,63.543,0.0,0.0
2020-04-28 00:00:00+00:00,64.16,61.6295,0.0,0.0
2020-04-29 00:00:00+00:00,67.25,67.109,0.0,0.0
2020-04-30 00:00:00+00:00,66.568,67.335,0.0,0.0
2020-05-01 00:00:00+00:00,66.2045,65.866,0.0,0.0
2020-05-04 00:00:00+00:00,65.4065,66.145,0.0,0.0
2020-05-05 00:00:00+00:00,66.875,67.451,0.0,0.0
2020-05-06 00:00:00+00:00,67.9,67.2715,0.0,0.0
2020-05-07 00:00:00+00:00,68.0655,68.464,0.0,0.0
2020-05-08 00:00:00+00:00,69.091,69.217,0.0,0.0
2020-05-11 00:00:00+00:00,68.8395,70.1795,0.0,0.0
2020-05-12 00:00:00+00:00,70.411,68.759,0.0,0.0
2020-05-13 00:00:00+00:00,68.808,67.4165,0.0,0.0
2020-05-14 00:00:00+00:00,66.676,67.843,0.0,0.0
2020-05-15 00:00:00+00:00,67.413,68.653,0.0,0.0
2020-05-18 00:00:00+00:00,68.079,69.259,0.0,0.0
2020-05-19 00:00:00+00:00,69.274,68.72,0.0,0.0
2020-05-20 00:00:00+00:00,69.458,70.458,0.0,0.0
2020-05-21 00:00:00+00:00,70.5495,70.3375,0.0,0.0
2020-05-22 00:00:00+00:00,70.195,70.662,0.0,0.0
2020-05-26 00:00:00+00:00,72.098,71.0685,0.0,0.0
2020-05-27 00:00:00+00:00,71.0,71.014,0.0,0.0
2020-05-28 00:00:00+00:00,70.0,70.912,0.0,0.0
2020-05-29 00:00:00+00:00,71.0215,71.676,0.0,0.0
2020-06-01 00:00:00+00:00,71.285,71.7435,0.0,0.0
2020-06-02 00:00:00+00:00,71.75,72.1155,0.0,0.0
2020-06-03 00:00:00+00:00,72.135,71.9625,0.0,0.0
2020-06-04 00:00:00+00:00,71.839,70.715,0.0,0.0
2020-06-05 00:00:00+00:00,70.782,72.001,0.0,0.0
2020-06-08 00:00:00+00:00,71.314,72.402,0.0,0.0
2020-06-09 00:00:00+00:00,72.262,72.604,0.0,0.0
2020-06-10 00:00:00+00:00,73.0755,73.235,0.0,0.0
2020-06-11 00:00:00+00:00,72.0515,70.095,0.0,0.0
2020-06-12 00:00:00+00:00,71.293,70.646,0.0,0.0
2020-06-15 00:00:00+00:00,69.4745,71.037,0.0,0.0
2020-06-16 00:00:00+00:00,72.45,72.3235,0.0,0.0
2020-06-17 00:00:00+00:00,72.647,72.627,0.0,0.0
2020-06-18 00:00:00+00:00,72.4925,71.706,0.0,0.0
2020-06-19 00:00:00+00:00,72.0,71.232,0.0,0.0
2020-06-22 00:00:00+00:00,71.2505,72.533,0.0,0.0
2020-06-23 00:00:00+00:00,72.6,73.199,0.0,0.0
2020-06-24 00:00:00+00:00,73.164,71.635,0.0,0.0
2020-06-25 00:00:00+00:00,71.561,72.055,0.0,0.0
2020-06-26 00:00:00+00:00,71.6315,68.127,0.0,0.0
2020-06-29 00:00:00+00:00,68.017,69.8585,0.0,0.0
2020-06-30 00:00:00+00:00,69.844,70.9025,0.0,0.0
2020-07-01 00:00:00+00:00,70.9585,72.1,0.0,0.0
2020-07-02 00:00:00+00:00,72.592,73.4965,0.0,0.0
2020-07-06 00:00:00+00:00,74.4075,74.9825,0.0,0.0
2020-07-07 00:00:00+00:00,74.8065,74.496,0.0,0.0
2020-07-08 00:00:00+00:00,75.04,75.18,0.0,0.0
2020-07-09 00:00:00+00:00,75.4965,75.933,0.0,0.0
2020-07-10 00:00:00+00:00,75.6625,76.9505,0.0,0.0
2020-07-13 00:00:00+00:00,77.497,75.6115,0.0,0.0
2020-07-14 00:00:00+00:00,74.6395,76.043,0.0,0.0
2020-07-15 00:00:00+00:00,76.1615,75.844,0.0,0.0
2020-07-16 00:00:00+00:00,75.075,75.746,0.0,0.0
2020-07-17 00:00:00+00:00,75.8455,75.8425,0.0,0.0
2020-07-20 00:00:00+00:00,75.75,78.192,0.0,0.0
2020-07-21 00:00:00+00:00,79.2515,77.796,0.0,0.0
2020-07-22 00:00:00+00:00,77.7855,78.2425,0.0,0.0
2020-07-23 00:00:00+00:00,78.2965,75.8375,0.0,0.0
2020-07-24 00:00:00+00:00,74.9595,75.4105,0.0,0.0
2020-07-27 00:00:00+00:00,75.663,76.4715,0.0,0.0
2020-07-28 00:00:00+00:00,76.25,75.1825,0.0,0.0
2020-07-29 00:00:00+00:00,75.25,76.1755,0.0,0.0
2020-07-30 00:00:00+00:00,74.8985,76.9185,0.0,0.0
2020-07-31 00:00:00+00:00,74.8525,74.3975,0.0,0.0
2020-08-03 00:00:00+00:00,74.55,74.138,0.0,0.0
2020-08-04 00:00:00+00:00,74.3355,73.665,0.0,0.0
2020-08-05 00:00:00+00:00,73.841,73.9545,0.0,0.0
2020-08-06 00:00:00+00:00,73.8075,75.2475,0.0,0.0
2020-08-07 00:00:00+00:00,75.452,74.9185,0.0,0.0
2020-08-10 00:00:00+00:00,74.54,74.841,0.0,0.0
2020-08-11 00:00:00+00:00,74.7,74.027,0.0,0.0
2020-08-12 00:00:00+00:00,74.3563,75.362,0.0,0.0
2020-08-13 00:00:00+00:00,75.4105,75.8325,0.0,0.0
2020-08-14 00:00:00+00:00,75.6805,75.2315,0.0,0.0
2020-08-17 00:00:00+00:00,75.7985,75.812,0.0,0.0
2020-08-18 00:00:00+00:00,76.306,77.789,0.0,0.0
2020-08-19 00:00:00+00:00,77.6245,77.2305,0.0,0.0
2020-08-20 00:00:00+00:00,76.9985,78.8125,0.0,0.0
2020-08-21 00:00:00+00:00,78.59,78.7785,0.0,0.0
2020-08-24 00:00:00+00:00,79.6235,79.2575,0.0,0.0
2020-08-25 00:00:00+00:00,79.005,80.2925,0.0,0.0
2020-08-26 00:00:00+00:00,80.315,82.2065,0.0,0.0
2020-08-27 00:00:00+00:00,82.3305,81.426,0.0,0.0
2020-08-28 00:00:00+00:00,81.4735,81.9715,0.0,0.0
2020-08-31 00:00:00+00:00,82.1785,81.4765,0.0,0.0
2020-09-01 00:00:00+00:00,81.608,82.754,0.0,0.0
2020-09-02 00:00:00+00:00,83.4005,85.8695,0.0,0.0
2020-09-03 00:00:00+00:00,84.976,81.4755,0.0,0.0
2020-09-04 00:00:00+00:00,80.45,79.0605,0.0,0.0
2020-09-08 00:00:00+00:00,76.25,76.18,0.0,0.0
2020-09-09 00:00:00+00:00,77.445,77.3615,0.0,0.0
2020-09-10 00:00:00+00:00,77.509,76.3025,0.0,0.0
2020-09-11 00:00:00+00:00,76.4075,75.788,0.0,0.0
2020-09-14 00:00:00+00:00,76.5824,75.4415,0.0,0.0
2020-09-15 00:00:00+00:00,76.3945,76.756,0.0,0.0
2020-09-16 00:00:00+00:00,77.124,75.6045,0.0,0.0
2020-09-17 00:00:00+00:00,74.2905,74.352,0.0,0.0
2020-09-18 00:00:00+00:00,74.415,72.5545,0.0,0.0
2020-09-21 00:00:00+00:00,71.581,71.507,0.0,0.0
2020-09-22 00:00:00+00:00,72.516,72.991,0.0,0.0
2020-09-23 00:00:00+00:00,72.6045,70.4695,0.0,0.0
2020-09-24 00:00:00+00:00,70.134,71.143,0.0,0.0
2020-09-25 00:00:00+00:00,71.2525,71.953,0.0,0.0
2020-09-28 00:00:00+00:00,73.5995,72.933,0.0,0.0
2020-09-29 00:00:00+00:00,73.1955,73.301,0.0,0.0
2020-09-30 00:00:00+00:00,73.0468,73.28,0.0,0.0
2020-10-01 00:00:00+00:00,74.1831,74.395,0.0,0.0
2020-10-02 00:00:00+00:00,72.9815,72.78,0.0,0.0
2020-10-05 00:00:00+00:00,73.1325,74.1415,0.0,0.0
2020-10-06 00:00:00+00:00,73.775,72.551,0.0,0.0
2020-10-07 00:00:00+00:00,72.9655,72.957,0.0,0.0
2020-10-08 00:00:00+00:00,73.2725,74.1715,0.0,0.0
2020-10-09 00:00:00+00:00,74.643,75.5225,0.0,0.0
2020-10-12 00:00:00+00:00,76.9,78.2295,0.0,0.0
2020-10-13 00:00:00+00:00,78.8505,78.3535,0.0,0.0
2020-10-14 00:00:00+00:00,78.73,78.172,0.0,0.0
2020-10-15 00:00:00+00:00,77.225,77.7735,0.0,0.0
2020-10-16 00:00:00+00:00,78.0915,78.385,0.0,0.0
2020-10-19 00:00:00+00:00,78.7965,76.4975,0.0,0.0
2020-10-20 00:00:00+00:00,76.1555,77.554,0.0,0.0
2020-10-21 00:00:00+00:00,78.4925,79.2995,0.0,0.0
2020-10-22 00:00:00+00:00,79.25,80.333,0.0,0.0
2020-10-23 00:00:00+00:00,80.7525,81.649,0.0,0.0
2020-10-26 00:00:00+00:00,80.75,79.2145,0.0,0.0
2020-10-27 00:00:00+00:00,79.4466,79.944,0.0,0.0
2020-10-28 00:00:00+00:00,77.5005,75.54,0.0,0.0
2020-10-29 00:00:00+00:00,75.851,77.844,0.0,0.0
2020-10-30 00:00:00+00:00,83.372,80.8055,0.0,0.0
2020-11-02 00:00:00+00:00,81.177,81.216,0.0,0.0
2020-11-03 00:00:00+00:00,81.538,82.283,0.0,0.0
2020-11-04 00:00:00+00:00,85.279,87.2925,0.0,0.0
2020-11-05 00:00:00+00:00,88.5225,88.125,0.0,0.0
2020-11-06 00:00:00+00:00,87.567,87.9865,0.0,0.0
2020-11-09 00:00:00+00:00,89.799,88.071,0.0,0.0
2020-11-10 00:00:00+00:00,86.4885,86.886,0.0,0.0
2020-11-11 00:00:00+00:00,87.42,87.3615,0.0,0.0
2020-11-12 00:00:00+00:00,87.1,87.141,0.0,0.0
2020-11-13 00:00:00+00:00,87.4,88.613,0.0,0.0
2020-11-16 00:00:00+00:00,88.207,88.7015,0.0,0.0
2020-11-17 00:00:00+00:00,88.393,88.083,0.0,0.0
2020-11-18 00:00:00+00:00,87.832,87.032,0.0,0.0
2020-11-19 00:00:00+00:00,86.6615,87.9285,0.0,0.0
2020-11-20 00:00:00+00:00,88.1,86.819,0.0,0.0
2020-11-23 00:00:00+00:00,87.011,86.378,0.0,0.0
2020-11-24 00:00:00+00:00,86.375,88.195,0.0,0.0
2020-11-25 00:00:00+00:00,88.3905,88.2065,0.0,0.0
2020-11-27 00:00:00+00:00,88.227,89.351,0.0,0.0
2020-11-30 00:00:00+00:00,88.7825,87.72,0.0,0.0
2020-12-01 00:00:00+00:00,88.3328,89.768,0.0,0.0
2020-12-02 00:00:00+00:00,89.768,91.2485,0.0,0.0
2020-12-03 00:00:00+00:00,91.027,91.092,0.0,0.0
2020-12-04 00:00:00+00:00,91.011,91.188,0.0,0.0
2020-12-07 00:00:00+00:00,90.7775,90.8515,0.0,0.0
2020-12-08 00:00:00+00:00,90.426,90.5665,0.0,0.0
2020-12-09 00:00:00+00:00,90.518,88.893,0.0,0.0
2020-12-10 00:00:00+00:00,88.13,88.3825,0.0,0.0
2020-12-11 00:00:00+00:00,88.0,88.74,0.0,0.0
2020-12-14 00:00:00+00:00,88.536,87.613,0.0,0.0
2020-12-15 00:00:00+00:00,87.993,88.054,0.0,0.0
2020-12-16 00:00:00+00:00,88.4555,87.8595,0.0,0.0
2020-12-17 00:00:00+00:00,88.1965,87.0255,0.0,0.0
2020-12-18 00:00:00+00:00,87.3085,86.311,0.0,0.0
2020-12-21 00:00:00+00:00,85.4565,86.728,0.0,0.0
2020-12-22 00:00:00+00:00,86.4665,86.011,0.0,0.0
2020-12-23 00:00:00+00:00,86.1965,86.4115,0.0,0.0
2020-12-24 00:00:00+00:00,86.45,86.708,0.0,0.0
2020-12-28 00:00:00+00:00,87.2455,88.698,0.0,0.0
2020-12-29 00:00:00+00:00,89.3615,87.888,0.0,0.0
2020-12-30 00:00:00+00:00,88.25,86.8125,0.0,0.0
2020-12-31 00:00:00+00:00,86.8635,87.632,0.0,0.0
2021-01-04 00:00:00+00:00,88.0,86.3065,0.0,0.0
2021-01-05 00:00:00+00:00,86.2545,87.0025,0.0,0.0
2021-01-06 00:00:00+00:00,85.0128,86.144,0.0,0.0
2021-01-07 00:00:00+00:00,86.338,88.717,0.0,0.0
2021-01-08 00:00:00+00:00,88.858,89.8915,0.0,0.0
2021-01-11 00:00:00+00:00,88.851,87.8145,0.0,0.0
2021-01-12 00:00:00+00:00,87.268,86.8715,0.0,0.0
2021-01-13 00:00:00+00:00,86.366,87.3625,0.0,0.0
2021-01-14 00:00:00+00:00,87.4435,86.546,0.0,0.0
2021-01-15 00:00:00+00:00,86.451,86.381,0.0,0.0
2021-01-19 00:00:00+00:00,87.15,89.2235,0.0,0.0
2021-01-20 00:00:00+00:00,91.3185,94.0035,0.0,0.0
2021-01-21 00:00:00+00:00,94.6825,94.2075,0.0,0.0
2021-01-22 00:00:00+00:00,94.573,94.628,0.0,0.0
2021-01-25 00:00:00+00:00,95.637,94.714,0.0,0.0
2021-01-26 00:00:00+00:00,94.2995,95.3975,0.0,0.0
2021-01-27 00:00:00+00:00,93.7455,90.947,0.0,0.0
2021-01-28 00:00:00+00:00,91.55,92.66,0.0,0.0
2021-01-29 00:00:00+00:00,91.701,91.368,0.0,0.0
2021-02-01 00:00:00+00:00,92.2293,94.6535,0.0,0.0
2021-02-02 00:00:00+00:00,95.6565,95.956,0.0,0.0
2021-02-03 00:00:00+00:00,103.2805,102.944,0.0,0.0
2021-02-04 00:00:00+00:00,103.0308,102.6815,0.0,0.0
2021-02-05 00:00:00+00:00,102.978,104.4415,0.0,0.0
2021-02-08 00:00:00+00:00,105.0,104.226,0.0,0.0
2021-02-09 00:00:00+00:00,103.74,103.7695,0.0,0.0
2021-02-10 00:00:00+00:00,104.157,104.324,0.0,0.0
2021-02-11 00:00:00+00:00,104.55,104.4375,0.0,0.0
2021-02-12 00:00:00+00:00,103.9885,104.7515,0.0,0.0
2021-02-16 00:00:00+00:00,104.5875,105.535,0.0,0.0
2021-02-17 00:00:00+00:00,104.699,105.931,0.0,0.0
2021-02-18 00:00:00+00:00,105.25,105.2905,0.0,0.0
2021-02-19 00:00:00+00:00,105.3895,104.4405,0.0,0.0
2021-02-22 00:00:00+00:00,102.68,102.713,0.0,0.0
2021-02-23 00:00:00+00:00,100.6995,103.006,0.0,0.0
2021-02-24 00:00:00+00:00,101.502,104.1905,0.0,0.0
2021-02-25 00:00:00+00:00,102.7965,100.7975,0.0,0.0
2021-02-26 00:00:00+00:00,101.4975,101.0955,0.0,0.0
2021-03-01 00:00:00+00:00,102.4,103.483,0.0,0.0
2021-03-02 00:00:00+00:00,103.242,103.224,0.0,0.0
2021-03-03 00:00:00+00:00,102.5975,100.5705,0.0,0.0
2021-03-04 00:00:00+00:00,100.7435,101.6965,0.0,0.0
2021-03-05 00:00:00+00:00,103.0575,104.8535,0.0,0.0
2021-03-08 00:00:00+00:00,104.203,100.375,0.0,0.0
2021-03-09 00:00:00+00:00,102.4875,102.018,0.0,0.0
2021-03-10 00:00:00+00:00,103.07,101.8095,0.0,0.0
2021-03-11 00:00:00+00:00,102.911,105.027,0.0,0.0
2021-03-12 00:00:00+00:00,103.8205,102.5,0.0,0.0
2021-03-15 00:00:00+00:00,102.2488,102.722,0.0,0.0
2021-03-16 00:00:00+00:00,103.2995,104.1945,0.0,0.0
2021-03-17 00:00:00+00:00,103.4235,104.111,0.0,0.0
2021-03-18 00:00:00+00:00,102.409,101.067,0.0,0.0
2021-03-19 00:00:00+00:00,101.4865,101.348,0.0,0.0
2021-03-22 00:00:00+00:00,101.3815,101.5345,0.0,0.0
2021-03-23 00:00:00+00:00,101.9975,102.0665,0.0,0.0
2021-03-24 00:00:00+00:00,102.588,101.6265,0.0,0.0
2021-03-25 00:00:00+00:00,101.4525,101.623,0.0,0.0
2021-03-26 00:00:00+00:00,101.5895,101.2365,0.0,0.0
2021-03-29 00:00:00+00:00,101.108,102.2895,0.0,0.0
2021-03-30 00:00:00+00:00,102.649,102.3235,0.0,0.0
2021-03-31 00:00:00+00:00,102.72,103.126,0.0,0.0
2021-04-01 00:00:00+00:00,104.6125,106.489,0.0,0.0
2021-04-05 00:00:00+00:00,107.3575,110.948,0.0,0.0
2021-04-06 00:00:00+00:00,110.546,110.463,0.0,0.0
2021-04-07 00:00:00+00:00,110.655,111.9515,0.0,0.0
2021-04-08 00:00:00+00:00,113.2,112.5215,0.0,0.0
2021-04-09 00:00:00+00:00,112.272,113.5335,0.0,0.0
2021-04-12 00:00:00+00:00,112.706,112.231,0.0,0.0
2021-04-13 00:00:00+00:00,112.5495,112.7215,0.0,0.0
2021-04-14 00:00:00+00:00,113.3715,112.0955,0.0,0.0
2021-04-15 00:00:00+00:00,113.0975,114.2625,0.0,0.0
2021-04-16 00:00:00+00:00,114.462,114.1375,0.0,0.0
2021-04-19 00:00:00+00:00,113.509,114.488,0.0,0.0
2021-04-20 00:00:00+00:00,114.8745,113.9505,0.0,0.0
2021-04-21 00:00:00+00:00,113.6025,113.9175,0.0,0.0
2021-04-22 00:00:00+00:00,113.77,112.626,0.0,0.0
2021-04-23 00:00:00+00:00,113.35,114.9965,0.0,0.0
2021-04-26 00:00:00+00:00,115.226,115.4965,0.0,0.0
2021-04-27 00:00:00+00:00,115.8816,114.549,0.0,0.0
2021-04-28 00:00:00+00:00,119.6248,117.952,0.0,0.0
2021-04-29 00:00:00+00:00,119.4615,119.638,0.0,0.0
2021-04-30 00:00:00+00:00,118.401,117.675,0.0,0.0
2021-05-03 00:00:00+00:00,118.2455,117.154,0.0,0.0
2021-05-04 00:00:00+00:00,115.6775,115.3415,0.0,0.0
2021-05-05 00:00:00+00:00,116.4315,115.7385,0.0,0.0
2021-05-06 00:00:00+00:00,115.3165,116.8675,0.0,0.0
2021-05-07 00:00:00+00:00,118.1945,117.5965,0.0,0.0
2021-05-10 00:00:00+00:00,116.407,114.5875,0.0,0.0
2021-05-11 00:00:00+00:00,112.1535,113.503,0.0,0.0
2021-05-12 00:00:00+00:00,111.3095,110.0125,0.0,0.0
2021-05-13 00:00:00+00:00,111.306,111.452,0.0,0.0
2021-05-14 00:00:00+00:00,112.927,113.919,0.0,0.0
2021-05-17 00:00:00+00:00,113.1785,114.446,0.0,0.0
2021-05-18 00:00:00+00:00,115.1175,113.1235,0.0,0.0
2021-05-19 00:00:00+00:00,111.4215,113.575,0.0,0.0
2021-05-20 00:00:00+00:00,114.55,115.3475,0.0,0.0
2021-05-21 00:00:00+00:00,115.8705,114.7065,0.0,0.0
2021-05-24 00:00:00+00:00,115.7445,118.052,0.0,0.0
2021-05-25 00:00:00+00:00,118.6,118.1435,0.0,0.0
2021-05-26 00:00:00+00:00,118.326,119.0155,0.0,0.0
2021-05-27 00:00:00+00:00,119.4525,118.134,0.0,0.0
2021-05-28 00:00:00+00:00,118.721,117.8425,0.0,0.0
2021-06-01 00:00:00+00:00,118.722,119.059,0.0,0.0
2021-06-02 00:00:00+00:00,119.4575,118.5295,0.0,0.0
2021-06-03 00:00:00+00:00,117.2865,117.379,0.0,0.0
2021-06-04 00:00:00+00:00,118.4635,119.6785,0.0,0.0
2021-06-07 00:00:00+00:00,119.4718,120.115,0.0,0.0
2021-06-08 00:00:00+00:00,120.6005,119.922,0.0,0.0
2021-06-09 00:00:00+00:00,120.5715,120.397,0.0,0.0
2021-06-10 00:00:00+00:00,120.346,121.7565,0.0,0.0
2021-06-11 00:00:00+00:00,122.0,121.51,0.0,0.0
2021-06-14 00:00:00+00:00,121.613,122.4455,0.0,0.0
2021-06-15 00:00:00+00:00,122.45,121.4195,0.0,0.0
2021-06-16 00:00:00+00:00,121.572,120.7725,0.0,0.0
2021-06-17 00:00:00+00:00,120.6975,121.7435,0.0,0.0
2021-06-18 00:00:00+00:00,121.367,120.111,0.0,0.0
2021-06-21 00:00:00+00:00,120.5005,121.8125,0.0,0.0
2021-06-22 00:00:00+00:00,121.75,122.3305,0.0,0.0
2021-06-23 00:00:00+00:00,122.0935,122.127,0.0,0.0
2021-06-24 00:00:00+00:00,122.7,122.5,0.0,0.0
2021-06-25 00:00:00+00:00,122.0,122.5085,0.0,0.0
2021-06-28 00:00:00+00:00,122.6785,122.536,0.0,0.0
2021-06-29 00:00:00+00:00,122.6704,122.2725,0.0,0.0
2021-06-30 00:00:00+00:00,121.9945,122.0895,0.0,0.0
2021-07-01 00:00:00+00:00,121.725,122.4445,0.0,0.0
2021-07-02 00:00:00+00:00,123.15,125.2575,0.0,0.0
2021-07-06 00:00:00+00:00,125.6485,126.19,0.0,0.0
2021-07-07 00:00:00+00:00,127.162,126.474,0.0,0.0
2021-07-08 00:00:00+00:00,124.026,125.044,0.0,0.0
2021-07-09 00:00:00+00:00,125.025,125.5185,0.0,0.0
2021-07-12 00:00:00+00:00,126.178,126.9755,0.0,0.0
2021-07-13 00:00:00+00:00,127.0385,127.3415,0.0,0.0
2021-07-14 00:00:00+00:00,127.958,128.237,0.0,0.0
2021-07-15 00:00:00+00:00,128.649,127.005,0.0,0.0
2021-07-16 00:00:00+00:00,127.663,126.97,0.0,0.0
2021-07-19 00:00:00+00:00,126.0895,124.578,0.0,0.0
2021-07-20 00:00:00+00:00,125.5275,126.2095,0.0,0.0
2021-07-21 00:00:00+00:00,126.1335,127.549,0.0,0.0
2021-07-22 00:00:00+00:00,127.844,128.4215,0.0,0.0
2021-07-23 00:00:00+00:00,130.4305,133.015,0.0,0.0
2021-07-26 00:00:00+00:00,133.3283,134.035,0.0,0.0
2021-07-27 00:00:00+00:00,134.2505,131.9,0.0,0.0
2021-07-28 00:00:00+00:00,136.312,136.094,0.0,0.0
2021-07-29 00:00:00+00:00,136.15,135.7775,0.0,0.0
2021-07-30 00:00:00+00:00,135.035,134.7265,0.0,0.0
2021-08-02 00:00:00+00:00,135.117,134.8545,0.0,0.0
2021-08-03 00:00:00+00:00,135.135,135.63,0.0,0.0
2021-08-04 00:00:00+00:00,135.3495,135.1255,0.0,0.0
2021-08-05 00:00:00+00:00,135.6805,136.2515,0.0,0.0
2021-08-06 00:00:00+00:00,136.042,135.7385,0.0,0.0
2021-08-09 00:00:00+00:00,135.9425,136.913,0.0,0.0
2021-08-10 00:00:00+00:00,137.342,136.807,0.0,0.0
2021-08-11 00:00:00+00:00,137.1815,136.279,0.0,0.0
2021-08-12 00:00:00+00:00,135.9755,137.194,0.0,0.0
2021-08-13 00:00:00+00:00,137.25,137.7275,0.0,0.0
2021-08-16 00:00:00+00:00,137.5249,138.3095,0.0,0.0
2021-08-17 00:00:00+00:00,137.75,136.6615,0.0,0.0
2021-08-18 00:00:00+00:00,136.5,135.449,0.0,0.0
2021-08-19 00:00:00+00:00,134.4355,135.68,0.0,0.0
2021-08-20 00:00:00+00:00,136.0,137.4295,0.0,0.0
2021-08-23 00:00:00+00:00,137.9695,140.0415,0.0,0.0
2021-08-24 00:00:00+00:00,140.6115,141.2615,0.0,0.0
2021-08-25 00:00:00+00:00,141.625,142.079,0.0,0.0
2021-08-26 00:00:00+00:00,141.75,141.4405,0.0,0.0
2021-08-27 00:00:00+00:00,141.6525,144.004,0.0,0.0
2021-08-30 00:00:00+00:00,144.4,144.5905,0.0,0.0
2021-08-31 00:00:00+00:00,145.147,144.6975,0.0,0.0
2021-09-01 00:00:00+00:00,145.0,145.2155,0.0,0.0
2021-09-02 00:00:00+00:00,145.216,143.287,0.0,0.0
2021-09-03 00:00:00+00:00,143.0805,143.7395,0.0,0.0
2021-09-07 00:00:00+00:00,143.8345,144.2805,0.0,0.0
2021-09-08 00:00:00+00:00,144.1,143.691,0.0,0.0
2021-09-09 00:00:00+00:00,143.8405,143.541,0.0,0.0
2021-09-10 00:00:00+00:00,144.2125,140.876,0.0,0.0
2021-09-13 00:00:00+00:00,141.9495,142.3325,0.0,0.0
2021-09-14 00:00:00+00:00,142.9953,142.5445,0.0,0.0
2021-09-15 00:00:00+00:00,142.7715,144.4295,0.0,0.0
2021-09-16 00:00:00+00:00,143.9505,143.61,0.0,0.0
2021-09-17 00:00:00+00:00,143.0305,140.8,0.0,0.0
2021-09-20 00:00:00+00:00,138.1615,138.7195,0.0,0.0
2021-09-21 00:00:00+00:00,139.7495,139.033,0.0,0.0
2021-09-22 00:00:00+00:00,139.304,140.2835,0.0,0.0
2021-09-23 00:00:00+00:00,140.9875,141.216,0.0,0.0
2021-09-24 00:00:00+00:00,140.5385,142.215,0.0,0.0
2021-09-27 00:00:00+00:00,140.8043,141.072,0.0,0.0
2021-09-28 00:00:00+00:00,138.655,135.83,0.0,0.0
2021-09-29 00:00:00+00:00,136.98,134.3535,0.0,0.0
2021-09-30 00:00:00+00:00,134.2615,133.676,0.0,0.0
2021-10-01 00:00:00+00:00,134.4475,136.543,0.0,0.0
2021-10-04 00:00:00+00:00,135.9605,133.6595,0.0,0.0
2021-10-05 00:00:00+00:00,134.041,136.023,0.0,0.0
2021-10-06 00:00:00+00:00,134.75,137.565,0.0,0.0
2021-10-07 00:00:00+00:00,138.892,139.225,0.0,0.0
2021-10-08 00:00:00+00:00,139.577,139.7855,0.0,0.0
2021-10-11 00:00:00+00:00,139.292,138.914,0.0,0.0
2021-10-12 00:00:00+00:00,139.48,136.449,0.0,0.0
2021-10-13 00:00:00+00:00,137.4025,137.582,0.0,0.0
2021-10-14 00:00:00+00:00,139.4738,141.151,0.0,0.0
2021-10-15 00:00:00+00:00,141.6145,141.368,0.0,0.0
2021-10-18 00:00:00+00:00,141.0765,142.778,0.0,0.0
2021-10-19 00:00:00+00:00,143.3875,143.237,0.0,0.0
2021-10-20 00:00:00+00:00,143.338,141.769,0.0,0.0
2021-10-21 00:00:00+00:00,141.769,141.886,0.0,0.0
2021-10-22 00:00:00+00:00,139.15,137.5665,0.0,0.0
2021-10-25 00:00:00+00:00,137.55,137.447,0.0,0.0
2021-10-26 00:00:00+00:00,139.2635,139.3085,0.0,0.0
2021-10-27 00:00:00+00:00,139.405,146.2175,0.0,0.0
2021-10-28 00:00:00+00:00,147.1345,145.849,0.0,0.0
2021-10-29 00:00:00+00:00,145.078,148.046,0.0,0.0
2021-11-01 00:00:00+00:00,148.046,143.497,0.0,0.0
2021-11-02 00:00:00+00:00,144.5795,145.4325,0.0,0.0
2021-11-03 00:00:00+00:00,145.9005,146.598,0.0,0.0
2021-11-04 00:00:00+00:00,147.1245,148.2675,0.0,0.0
2021-11-05 00:00:00+00:00,149.1695,148.852,0.0,0.0
2021-11-08 00:00:00+00:00,149.825,149.031,0.0,0.0
2021-11-09 00:00:00+00:00,149.233,148.9185,0.0,0.0
2021-11-10 00:00:00+00:00,147.5,145.8935,0.0,0.0
2021-11-11 00:00:00+00:00,146.4895,145.7665,0.0,0.0
2021-11-12 00:00:00+00:00,146.6155,148.678,0.0,0.0
2021-11-15 00:00:00+00:00,148.9005,148.452,0.0,0.0
2021-11-16 00:00:00+00:00,148.1495,147.876,0.0,0.0
2021-11-17 00:00:00+00:00,148.0275,148.047,0.0,0.0
2021-11-18 00:00:00+00:00,148.2415,149.8385,0.0,0.0
2021-11-19 00:00:00+00:00,149.9755,148.9265,0.0,0.0
2021-11-22 00:00:00+00:00,149.3325,146.302,0.0,0.0
2021-11-23 00:00:00+00:00,146.153,145.782,0.0,0.0
2021-11-24 00:00:00+00:00,145.4735,146.12,0.0,0.0
2021-11-26 00:00:00+00:00,144.3485,142.183,0.0,0.0
2021-11-29 00:00:00+00:00,144.0,145.5305,0.0,0.0
2021-11-30 00:00:00+00:00,145.0085,141.8975,0.0,0.0
2021-12-01 00:00:00+00:00,144.0,141.0515,0.0,0.0
2021-12-02 00:00:00+00:00,141.25,142.966,0.0,0.0
2021-12-03 00:00:00+00:00,143.681,142.0015,0.0,0.0
2021-12-06 00:00:00+00:00,143.0405,143.155,0.0,0.0
2021-12-07 00:00:00+00:00,145.5965,147.2695,0.0,0.0
2021-12-08 00:00:00+00:00,147.5965,148.1865,0.0,0.0
2021-12-09 00:00:00+00:00,147.591,147.6385,0.0,0.0
2021-12-10 00:00:00+00:00,148.7,148.0015,0.0,0.0
2021-12-13 00:00:00+00:00,147.7815,145.8265,0.0,0.0
2021-12-14 00:00:00+00:00,143.968,143.907,0.0,0.0
2021-12-15 00:00:00+00:00,143.409,146.441,0.0,0.0
2021-12-16 00:00:00+00:00,147.1705,144.445,0.0,0.0
2021-12-17 00:00:00+00:00,142.5,141.725,0.0,0.0
2021-12-20 00:00:00+00:00,140.0,141.607,0.0,0.0
2021-12-21 00:00:00+00:00,142.0535,143.4725,0.0,0.0
2021-12-22 00:00:00+00:00,143.0675,146.415,0.0,0.0
2021-12-23 00:00:00+00:00,146.5,146.9165,0.0,0.0
2021-12-27 00:00:00+00:00,147.256,147.9065,0.0,0.0
2021-12-28 00:00:00+00:00,148.236,146.687,0.0,0.0
2021-12-29 00:00:00+00:00,146.6443,146.655,0.0,0.0
2021-12-30 00:00:00+00:00,146.694,146.2005,0.0,0.0
2021-12-31 00:00:00+00:00,146.05,144.852,0.0,0.0
2022-01-03 00:00:00+00:00,145.055,144.9915,0.0,0.0
2022-01-04 00:00:00+00:00,145.396,144.3995,0.0,0.0
2022-01-05 00:00:00+00:00,144.42,137.775,0.0,0.0
2022-01-06 00:00:00+00:00,136.9985,137.7475,0.0,0.0
2022-01-07 00:00:00+00:00,138.1455,137.017,0.0,0.0
2022-01-10 00:00:00+00:00,135.078,138.6695,0.0,0.0
2022-01-11 00:00:00+00:00,138.007,139.736,0.0,0.0
2022-01-12 00:00:00+00:00,141.15,141.4305,0.0,0.0
2022-01-13 00:00:00+00:00,141.54,138.587,0.0,0.0
2022-01-14 00:00:00+00:00,137.079,139.4805,0.0,0.0
2022-01-18 00:00:00+00:00,136.175,135.998,0.0,0.0
2022-01-19 00:00:00+00:00,136.5235,135.1165,0.0,0.0
2022-01-20 00:00:00+00:00,136.25,133.3075,0.0,0.0
2022-01-21 00:00:00+00:00,132.5935,130.3515,0.0,0.0
2022-01-24 00:00:00+00:00,125.978,130.804,0.0,0.0
2022-01-25 00:00:00+00:00,128.74,126.935,0.0,0.0
2022-01-26 00:00:00+00:00,131.119,129.233,0.0,0.0
2022-01-27 00:00:00+00:00,131.304,129.005,0.0,0.0
2022-01-28 00:00:00+00:00,129.659,133.351,0.0,0.0
2022-01-31 00:00:00+00:00,134.162,135.3035,0.0,0.0
2022-02-01 00:00:00+00:00,137.5945,137.644,0.0,0.0
2022-02-02 00:00:00+00:00,151.25,148.0,0.0,0.0
2022-02-03 00:00:00+00:00,145.7055,143.09,0.0,0.0
2022-02-04 00:00:00+00:00,143.4447,143.293,0.0,0.0
2022-02-07 00:00:00+00:00,144.25,139.201,0.0,0.0
2022-02-08 00:00:00+00:00,139.0265,139.399,0.0,0.0
2022-02-09 00:00:00+00:00,140.9635,141.592,0.0,0.0
2022-02-10 00:00:00+00:00,139.7035,138.62,0.0,0.0
2022-02-11 00:00:00+00:00,138.6,134.2825,0.0,0.0
2022-02-14 00:00:00+00:00,133.2565,135.526,0.0,0.0
2022-02-15 00:00:00+00:00,137.5705,136.6085,0.0,0.0
2022-02-16 00:00:00+00:00,136.6465,137.738,0.0,0.0
2022-02-17 00:00:00+00:00,136.243,132.539,0.0,0.0
2022-02-18 00:00:00+00:00,133.467,130.403,0.0,0.0
2022-02-22 00:00:00+00:00,129.8381,129.8135,0.0,0.0
2022-02-23 00:00:00+00:00,131.6485,127.588,0.0,0.0
2022-02-24 00:00:00+00:00,124.9533,132.691,0.0,0.0
2022-02-25 00:00:00+00:00,133.552,134.4595,0.0,0.0
2022-02-28 00:00:00+00:00,133.05,135.057,0.0,0.0
2022-03-01 00:00:00+00:00,134.8785,134.0615,0.0,0.0
2022-03-02 00:00:00+00:00,134.628,134.5715,0.0,0.0
2022-03-03 00:00:00+00:00,136.01,133.8995,0.0,0.0
2022-03-04 00:00:00+00:00,132.9275,131.9065,0.0,0.0
2022-03-07 00:00:00+00:00,131.488,126.3785,0.0,0.0
2022-03-08 00:00:00+00:00,126.25,127.1045,0.0,0.0
2022-03-09 00:00:00+00:00,131.25,133.42,0.0,0.0
2022-03-10 00:00:00+00:00,131.266,132.4295,0.0,0.0
2022-03-11 00:00:00+00:00,133.4885,129.8705,0.0,0.0
2022-03-14 00:00:00+00:00,130.25,125.951,0.0,0.0
2022-03-15 00:00:00+00:00,126.976,129.198,0.0,0.0
2022-03-16 00:00:00+00:00,130.733,133.2805,0.0,0.0
2022-03-17 00:00:00+00:00,133.149,133.839,0.0,0.0
2022-03-18 00:00:00+00:00,133.4245,136.1255,0.0,0.0
2022-03-21 00:00:00+00:00,136.1635,136.1015,0.0,0.0
2022-03-22 00:00:00+00:00,136.1015,139.868,0.0,0.0
2022-03-23 00:00:00+00:00,138.7025,138.2755,0.0,0.0
2022-03-24 00:00:00+00:00,139.2,141.572,0.0,0.0
2022-03-25 00:00:00+00:00,141.916,141.673,0.0,0.0
2022-03-28 00:00:00+00:00,140.9005,141.4555,0.0,0.0
2022-03-29 00:00:00+00:00,142.6475,142.5055,0.0,0.0
2022-03-30 00:00:00+00:00,142.46,141.9385,0.0,0.0
2022-03-31 00:00:00+00:00,142.053,139.0675,0.0,0.0
2022-04-01 00:00:00+00:00,139.5,140.1505,0.0,0.0
2022-04-04 00:00:00+00:00,140.3585,142.9715,0.0,0.0
2022-04-05 00:00:00+00:00,142.869,140.591,0.0,0.0
2022-04-06 00:00:00+00:00,138.75,136.548,0.0,0.0
2022-04-07 00:00:00+00:00,136.01,135.8885,0.0,0.0
2022-04-08 00:00:00+00:00,135.5835,133.2875,0.0,0.0
2022-04-11 00:00:00+00:00,131.8235,128.8235,0.0,0.0
2022-04-12 00:00:00+00:00,131.6,127.7145,0.0,0.0
2022-04-13 00:00:00+00:00,128.0,129.894,0.0,0.0
2022-04-14 00:00:00+00:00,130.4795,126.73,0.0,0.0
2022-04-18 00:00:00+00:00,127.0,127.6765,0.0,0.0
2022-04-19 00:00:00+00:00,127.6915,130.009,0.0,0.0
2022-04-20 00:00:00+00:00,130.892,128.04,0.0,0.0
2022-04-21 00:00:00+00:00,129.25,124.8145,0.0,0.0
2022-04-22 00:00:00+00:00,125.0,119.6355,0.0,0.0
2022-04-25 00:00:00+00:00,119.101,123.074,0.0,0.0
2022-04-26 00:00:00+00:00,122.2945,118.65,0.0,0.0
2022-04-27 00:00:00+00:00,114.4693,114.2945,0.0,0.0
2022-04-28 00:00:00+00:00,116.415,118.5225,0.0,0.0
2022-04-29 00:00:00+00:00,116.7345,114.1095,0.0,0.0
2022-05-02 00:00:00+00:00,113.405,116.583,0.0,0.0
2022-05-03 00:00:00+00:00,116.4305,117.334,0.0,0.0
2022-05-04 00:00:00+00:00,117.0315,122.261,0.0,0.0
2022-05-05 00:00:00+00:00,120.204,116.5055,0.0,0.0
2022-05-06 00:00:00+00:00,115.1845,115.7465,0.0,0.0
2022-05-09 00:00:00+00:00,113.25,112.511,0.0,0.0
2022-05-10 00:00:00+00:00,115.5075,114.395,0.0,0.0
2022-05-11 00:00:00+00:00,113.2365,113.6025,0.0,0.0
2022-05-12 00:00:00+00:00,111.3775,112.844,0.0,0.0
2022-05-13 00:00:00+00:00,114.533,116.0505,0.0,0.0
2022-05-16 00:00:00+00:00,114.9555,114.445,0.0,0.0
2022-05-17 00:00:00+00:00,116.8405,116.473,0.0,0.0
2022-05-18 00:00:00+00:00,115.0,111.8995,0.0,0.0
2022-05-19 00:00:00+00:00,111.4315,110.384,0.0,0.0
2022-05-20 00:00:00+00:00,111.951,108.908,0.0,0.0
2022-05-23 00:00:00+00:00,109.5875,111.488,0.0,0.0
2022-05-24 00:00:00+00:00,105.772,105.97,0.0,0.0
2022-05-25 00:00:00+00:00,104.9855,105.805,0.0,0.0
2022-05-26 00:00:00+00:00,105.677,107.7925,0.0,0.0
2022-05-27 00:00:00+00:00,109.483,112.3165,0.0,0.0
2022-05-31 00:00:00+00:00,112.7465,113.762,0.0,0.0
2022-06-01 00:00:00+00:00,114.855,113.892,0.0,0.0
2022-06-02 00:00:00+00:00,114.0,117.6225,0.0,0.0
2022-06-03 00:00:00+00:00,116.0625,114.541,0.0,0.0
2022-06-06 00:00:00+00:00,116.7045,116.8205,0.0,0.0
2022-06-07 00:00:00+00:00,115.4805,117.1495,0.0,0.0
2022-06-08 00:00:00+00:00,116.7615,117.194,0.0,0.0
2022-06-09 00:00:00+00:00,116.3275,114.8355,0.0,0.0
2022-06-10 00:00:00+00:00,112.445,111.1615,0.0,0.0
2022-06-13 00:00:00+00:00,106.7865,106.3925,0.0,0.0
2022-06-14 00:00:00+00:00,106.535,106.7155,0.0,0.0
2022-06-15 00:00:00+00:00,108.545,109.7645,0.0,0.0
2022-06-16 00:00:00+00:00,107.221,106.0335,0.0,0.0
2022-06-17 00:00:00+00:00,106.0335,107.1435,0.0,0.0
2022-06-21 00:00:00+00:00,108.9295,111.544,0.0,0.0
2022-06-22 00:00:00+00:00,110.5565,111.4875,0.0,0.0
2022-06-23 00:00:00+00:00,112.2315,112.242,0.0,0.0
2022-06-24 00:00:00+00:00,112.995,117.975,0.0,0.0
2022-06-27 00:00:00+00:00,118.273,115.8335,0.0,0.0
2022-06-28 00:00:00+00:00,115.8025,112.0075,0.0,0.0
2022-06-29 00:00:00+00:00,111.552,111.7015,0.0,0.0
2022-06-30 00:00:00+00:00,110.0,108.963,0.0,0.0
2022-07-01 00:00:00+00:00,107.933,108.7375,0.0,0.0
2022-07-05 00:00:00+00:00,107.1005,113.263,0.0,0.0
2022-07-06 00:00:00+00:00,113.302,114.572,0.0,0.0
2022-07-07 00:00:00+00:00,115.08,118.783,0.0,0.0
2022-07-08 00:00:00+00:00,117.25,119.3535,0.0,0.0
2022-07-11 00:00:00+00:00,117.998,115.6765,0.0,0.0
2022-07-12 00:00:00+00:00,116.215,114.0205,0.0,0.0
2022-07-13 00:00:00+00:00,111.701,111.3535,0.0,0.0
2022-07-14 00:00:00+00:00,110.2105,110.3675,0.0,0.0
2022-07-15 00:00:00+00:00,112.0005,111.7775,0.0,0.0
2022-07-18 00:00:00+00:00,112.64,109.03,0.0,0.0
2022-07-19 00:00:00+00:00,110.85,113.81,0.0,0.0
2022-07-20 00:00:00+00:00,113.17,113.9,0.0,0.0
2022-07-21 00:00:00+00:00,114.28,114.34,0.0,0.0
2022-07-22 00:00:00+00:00,111.0,107.9,0.0,0.0
2022-07-25 00:00:00+00:00,108.41,107.51,0.0,0.0
2022-07-26 00:00:00+00:00,106.6,105.02,0.0,0.0
2022-07-27 00:00:00+00:00,109.26,113.06,0.0,0.0
2022-07-28 00:00:00+00:00,112.37,114.22,0.0,0.0
2022-07-29 00:00:00+00:00,113.08,116.32,0.0,0.0
2022-08-01 00:00:00+00:00,115.3,114.86,0.0,0.0
2022-08-02 00:00:00+00:00,114.0,115.13,0.0,0.0
2022-08-03 00:00:00+00:00,115.71,118.08,0.0,0.0
2022-08-04 00:00:00+00:00,117.48,118.19,0.0,0.0
2022-08-05 00:00:00+00:00,116.23,117.47,0.0,0.0
2022-08-08 00:00:00+00:00,118.39,117.3,0.0,0.0
2022-08-09 00:00:00+00:00,117.135,116.63,0.0,0.0
2022-08-10 00:00:00+00:00,118.78,119.7,0.0,0.0
2022-08-11 00:00:00+00:00,121.28,118.84,0.0,0.0
2022-08-12 00:00:00+00:00,120.26,121.68,0.0,0.0
2022-08-15 00:00:00+00:00,121.13,122.08,0.0,0.0
2022-08-16 00:00:00+00:00,121.52,121.7,0.0,0.0
2022-08-17 00:00:00+00:00,120.12,119.55,0.0,0.0
2022-08-18 00:00:00+00:00,119.43,120.17,0.0,0.0
2022-08-19 00:00:00+00:00,119.06,117.21,0.0,0.0
2022-08-22 00:00:00+00:00,115.2,114.24,0.0,0.0
2022-08-23 00:00:00+00:00,113.475,113.86,0.0,0.0
2022-08-24 00:00:00+00:00,113.5,113.69,0.0,0.0
2022-08-25 00:00:00+00:00,114.235,116.65,0.0,0.0
2022-08-26 00:00:00+00:00,114.72,110.34,0.0,0.0
2022-08-29 00:00:00+00:00,109.99,109.42,0.0,0.0
2022-08-30 00:00:00+00:00,110.17,108.94,0.0,0.0
2022-08-31 00:00:00+00:00,110.65,108.22,0.0,0.0
2022-09-01 00:00:00+00:00,108.28,109.74,0.0,0.0
2022-09-02 00:00:00+00:00,110.59,107.85,0.0,0.0
2022-09-06 00:00:00+00:00,107.3,106.81,0.0,0.0
2022-09-07 00:00:00+00:00,107.06,109.45,0.0,0.0
2022-09-08 00:00:00+00:00,108.04,108.38,0.0,0.0
2022-09-09 00:00:00+00:00,109.065,110.65,0.0,0.0
2022-09-12 00:00:00+00:00,110.99,110.86,0.0,0.0
2022-09-13 00:00:00+00:00,107.8,104.32,0.0,0.0
2022-09-14 00:00:00+00:00,104.57,105.0,0.0,0.0
2022-09-15 00:00:00+00:00,104.03,102.91,0.0,0.0
2022-09-16 00:00:00+00:00,102.07,102.8,0.0,0.0
2022-09-19 00:00:00+00:00,101.75,103.07,0.0,0.0
2022-09-20 00:00:00+00:00,102.08,101.14,0.0,0.0
2022-09-21 00:00:00+00:00,101.67,99.28,0.0,0.0
2022-09-22 00:00:00+00:00,98.82,100.14,0.0,0.0
2022-09-23 00:00:00+00:00,99.63,98.74,0.0,0.0
2022-09-26 00:00:00+00:00,98.1,98.17,0.0,0.0
2022-09-27 00:00:00+00:00,99.43,97.5,0.0,0.0
2022-09-28 00:00:00+00:00,97.65,100.05,0.0,0.0
2022-09-29 00:00:00+00:00,98.64,97.42,0.0,0.0
2022-09-30 00:00:00+00:00,97.05,95.65,0.0,0.0
2022-10-03 00:00:00+00:00,96.76,98.64,0.0,0.0
2022-10-04 00:00:00+00:00,100.44,101.64,0.0,0.0
2022-10-05 00:00:00+00:00,99.825,101.43,0.0,0.0
2022-10-06 00:00:00+00:00,100.68,101.42,0.0,0.0
2022-10-07 00:00:00+00:00,99.85,98.68,0.0,0.0
2022-10-10 00:00:00+00:00,99.0,97.86,0.0,0.0
2022-10-11 00:00:00+00:00,97.43,97.18,0.0,0.0
2022-10-12 00:00:00+00:00,97.3,97.56,0.0,0.0
2022-10-13 00:00:00+00:00,95.15,99.06,0.0,0.0
2022-10-14 00:00:00+00:00,99.99,96.56,0.0,0.0
2022-10-17 00:00:00+00:00,98.86,99.97,0.0,0.0
2022-10-18 00:00:00+00:00,103.13,100.77,0.0,0.0
2022-10-19 00:00:00+00:00,100.01,99.63,0.0,0.0
2022-10-20 00:00:00+00:00,100.0,99.97,0.0,0.0
2022-10-21 00:00:00+00:00,97.845,101.13,0.0,0.0
2022-10-24 00:00:00+00:00,101.8,102.52,0.0,0.0
2022-10-25 00:00:00+00:00,102.9,104.48,0.0,0.0
2022-10-26 00:00:00+00:00,96.43,94.93,0.0,0.0
2022-10-27 00:00:00+00:00,94.52,92.22,0.0,0.0
2022-10-28 00:00:00+00:00,92.27,96.29,0.0,0.0
2022-10-31 00:00:00+00:00,95.42,94.51,0.0,0.0
2022-11-01 00:00:00+00:00,95.45,90.47,0.0,0.0
2022-11-02 00:00:00+00:00,90.94,86.97,0.0,0.0
2022-11-03 00:00:00+00:00,86.32,83.43,0.0,0.0
2022-11-04 00:00:00+00:00,85.4,86.58,0.0,0.0
2022-11-07 00:00:00+00:00,87.28,88.49,0.0,0.0
2022-11-08 00:00:00+00:00,88.9,88.9,0.0,0.0
2022-11-09 00:00:00+00:00,88.45,87.32,0.0,0.0
2022-11-10 00:00:00+00:00,92.25,93.94,0.0,0.0
2022-11-11 00:00:00+00:00,94.69,96.41,0.0,0.0
2022-11-14 00:00:00+00:00,95.09,95.7,0.0,0.0
2022-11-15 00:00:00+00:00,98.26,98.44,0.0,0.0
2022-11-16 00:00:00+00:00,97.9,98.85,0.0,0.0
2022-11-17 00:00:00+00:00,96.97,98.36,0.0,0.0
2022-11-18 00:00:00+00:00,98.77,97.43,0.0,0.0
2022-11-21 00:00:00+00:00,97.29,95.6,0.0,0.0
2022-11-22 00:00:00+00:00,95.95,97.05,0.0,0.0
2022-11-23 00:00:00+00:00,97.09,98.46,0.0,0.0
2022-11-25 00:00:00+00:00,98.24,97.46,0.0,0.0
2022-11-28 00:00:00+00:00,97.036,96.05,0.0,0.0
2022-11-29 00:00:00+00:00,95.73,95.19,0.0,0.0
2022-11-30 00:00:00+00:00,94.82,100.99,0.0,0.0
2022-12-01 00:00:00+00:00,101.02,100.99,0.0,0.0
2022-12-02 00:00:00+00:00,99.05,100.44,0.0,0.0
2022-12-05 00:00:00+00:00,99.4,99.48,0.0,0.0
2022-12-06 00:00:00+00:00,99.3,96.98,0.0,0.0
2022-12-07 00:00:00+00:00,96.41,94.94,0.0,0.0
2022-12-08 00:00:00+00:00,95.38,93.71,0.0,0.0
2022-12-09 00:00:00+00:00,93.77,92.83,0.0,0.0
2022-12-12 00:00:00+00:00,92.71,93.31,0.0,0.0
2022-12-13 00:00:00+00:00,97.76,95.63,0.0,0.0
2022-12-14 00:00:00+00:00,95.2,95.07,0.0,0.0
2022-12-15 00:00:00+00:00,93.13,90.86,0.0,0.0
2022-12-16 00:00:00+00:00,90.76,90.26,0.0,0.0
2022-12-19 00:00:00+00:00,90.255,88.44,0.0,0.0
2022-12-20 00:00:00+00:00,88.11,89.02,0.0,0.0
2022-12-21 00:00:00+00:00,89.08,89.58,0.0,0.0
2022-12-22 00:00:00+00:00,88.16,87.76,0.0,0.0
2022-12-23 00:00:00+00:00,87.11,89.23,0.0,0.0
2022-12-27 00:00:00+00:00,88.795,87.39,0.0,0.0
2022-12-28 00:00:00+00:00,86.98,86.02,0.0,0.0
2022-12-29 00:00:00+00:00,86.62,88.45,0.0,0.0
2022-12-30 00:00:00+00:00,86.98,88.23,0.0,0.0
2023-01-03 00:00:00+00:00,89.585,89.12,0.0,0.0
2023-01-04 00:00:00+00:00,90.35,88.08,0.0,0.0
2023-01-05 00:00:00+00:00,87.47,86.2,0.0,0.0
2023-01-06 00:00:00+00:00,86.79,87.34,0.0,0.0
2023-01-09 00:00:00+00:00,88.36,88.02,0.0,0.0
2023-01-10 00:00:00+00:00,85.98,88.42,0.0,0.0
2023-01-11 00:00:00+00:00,89.18,91.52,0.0,0.0
2023-01-12 00:00:00+00:00,91.48,91.13,0.0,0.0
2023-01-13 00:00:00+00:00,90.85,92.12,0.0,0.0
2023-01-17 00:00:00+00:00,92.06,91.29,0.0,0.0
2023-01-18 00:00:00+00:00,92.14,91.12,0.0,0.0
2023-01-19 00:00:00+00:00,90.72,93.05,0.0,0.0
2023-01-20 00:00:00+00:00,95.1,98.02,0.0,0.0
2023-01-23 00:00:00+00:00,97.95,99.79,0.0,0.0
2023-01-24 00:00:00+00:00,98.1,97.7,0.0,0.0
2023-01-25 00:00:00+00:00,95.57,95.22,0.0,0.0
2023-01-26 00:00:00+00:00,96.5,97.52,0.0,0.0
2023-01-27 00:00:00+00:00,97.31,99.37,0.0,0.0
2023-01-30 00:00:00+00:00,97.48,96.94,0.0,0.0
2023-01-31 00:00:00+00:00,96.87,98.84,0.0,0.0
2023-02-01 00:00:00+00:00,98.71,100.43,0.0,0.0
2023-02-02 00:00:00+00:00,105.8,107.74,0.0,0.0
2023-02-03 00:00:00+00:00,102.93,104.78,0.0,0.0
2023-02-06 00:00:00+00:00,102.4,102.9,0.0,0.0
2023-02-07 00:00:00+00:00,103.22,107.64,0.0,0.0
2023-02-08 00:00:00+00:00,102.05,99.37,0.0,0.0
2023-02-09 00:00:00+00:00,100.0,95.01,0.0,0.0
2023-02-10 00:00:00+00:00,95.45,94.57,0.0,0.0
2023-02-13 00:00:00+00:00,94.74,94.61,0.0,0.0
2023-02-14 00:00:00+00:00,94.43,94.68,0.0,0.0
2023-02-15 00:00:00+00:00,94.49,96.94,0.0,0.0
2023-02-16 00:00:00+00:00,95.37,95.51,0.0,0.0
2023-02-17 00:00:00+00:00,94.85,94.35,0.0,0.0
2023-02-21 00:00:00+00:00,93.0,91.79,0.0,0.0
2023-02-22 00:00:00+00:00,91.7,91.65,0.0,0.0
2023-02-23 00:00:00+00:00,91.92,90.89,0.0,0.0
2023-02-24 00:00:00+00:00,89.44,89.13,0.0,0.0
2023-02-27 00:00:00+00:00,89.87,89.87,0.0,0.0
2023-02-28 00:00:00+00:00,89.33,90.06,0.0,0.0
2023-03-01 00:00:00+00:00,89.98,90.36,0.0,0.0
2023-03-02 00:00:00+00:00,89.66,92.0,0.0,0.0
2023-03-03 00:00:00+00:00,92.48,93.65,0.0,0.0
2023-03-06 00:00:00+00:00,94.015,95.13,0.0,0.0
2023-03-07 00:00:00+00:00,94.98,93.86,0.0,0.0
2023-03-08 00:00:00+00:00,94.12,94.25,0.0,0.0
2023-03-09 00:00:00+00:00,94.05,92.32,0.0,0.0
2023-03-10 00:00:00+00:00,92.17,90.63,0.0,0.0
2023-03-13 00:00:00+00:00,90.09,91.11,0.0,0.0
2023-03-14 00:00:00+00:00,92.56,93.97,0.0,0.0
2023-03-15 00:00:00+00:00,93.22,96.11,0.0,0.0
2023-03-16 00:00:00+00:00,96.2,100.32,0.0,0.0
2023-03-17 00:00:00+00:00,100.26,101.62,0.0,0.0
2023-03-20 00:00:00+00:00,100.12,101.22,0.0,0.0
2023-03-21 00:00:00+00:00,101.25,104.92,0.0,0.0
2023-03-22 00:00:00+00:00,104.27,103.37,0.0,0.0
2023-03-23 00:00:00+00:00,105.06,105.6,0.0,0.0
2023-03-24 00:00:00+00:00,104.99,105.44,0.0,0.0
2023-03-27 00:00:00+00:00,104.615,102.46,0.0,0.0
2023-03-28 00:00:00+00:00,102.44,101.03,0.0,0.0
2023-03-29 00:00:00+00:00,102.28,101.39,0.0,0.0
2023-03-30 00:00:00+00:00,100.91,100.89,0.0,0.0
2023-03-31 00:00:00+00:00,101.3,103.73,0.0,0.0
2023-04-03 00:00:00+00:00,102.39,104.36,0.0,0.0
2023-04-04 00:00:00+00:00,104.33,104.72,0.0,0.0
2023-04-05 00:00:00+00:00,105.78,104.47,0.0,0.0
2023-04-06 00:00:00+00:00,105.26,108.42,0.0,0.0
2023-04-10 00:00:00+00:00,106.98,106.44,0.0,0.0
2023-04-11 00:00:00+00:00,106.55,105.35,0.0,0.0
2023-04-12 00:00:00+00:00,106.58,104.64,0.0,0.0
2023-04-13 00:00:00+00:00,105.84,107.43,0.0,0.0
2023-04-14 00:00:00+00:00,106.89,108.87,0.0,0.0
2023-04-17 00:00:00+00:00,104.658,105.97,0.0,0.0
2023-04-18 00:00:00+00:00,106.49,104.5,0.0,0.0
2023-04-19 00:00:00+00:00,103.58,104.18,0.0,0.0
2023-04-20 00:00:00+00:00,103.91,105.29,0.0,0.0
2023-04-21 00:00:00+00:00,105.47,105.41,0.0,0.0
2023-04-24 00:00:00+00:00,105.49,105.97,0.0,0.0
2023-04-25 00:00:00+00:00,105.825,103.85,0.0,0.0
2023-04-26 00:00:00+00:00,104.92,103.71,0.0,0.0
2023-04-27 00:00:00+00:00,104.45,107.59,0.0,0.0
2023-04-28 00:00:00+00:00,107.04,107.34,0.0,0.0
2023-05-01 00:00:00+00:00,106.84,107.2,0.0,0.0
2023-05-02 00:00:00+00:00,107.14,105.32,0.0,0.0
2023-05-03 00:00:00+00:00,105.53,105.41,0.0,0.0
2023-05-04 00:00:00+00:00,105.485,104.69,0.0,0.0
2023-05-05 00:00:00+00:00,104.82,105.57,0.0,0.0
2023-05-08 00:00:00+00:00,105.18,107.77,0.0,0.0
2023-05-09 00:00:00+00:00,108.39,107.35,0.0,0.0
2023-05-10 00:00:00+00:00,107.97,111.75,0.0,0.0
2023-05-11 00:00:00+00:00,115.395,116.57,0.0,0.0
2023-05-12 00:00:00+00:00,116.68,117.51,0.0,0.0
2023-05-15 00:00:00+00:00,116.11,116.51,0.0,0.0
2023-05-16 00:00:00+00:00,116.49,119.51,0.0,0.0
2023-05-17 00:00:00+00:00,119.61,120.84,0.0,0.0
2023-05-18 00:00:00+00:00,120.95,122.83,0.0,0.0
2023-05-19 00:00:00+00:00,123.55,122.76,0.0,0.0
2023-05-22 00:00:00+00:00,122.94,125.05,0.0,0.0
2023-05-23 00:00:00+00:00,124.16,122.56,0.0,0.0
2023-05-24 00:00:00+00:00,121.12,120.9,0.0,0.0
2023-05-25 00:00:00+00:00,124.52,123.48,0.0,0.0
2023-05-26 00:00:00+00:00,123.17,124.61,0.0,0.0
2023-05-30 00:00:00+00:00,125.64,123.67,0.0,0.0
2023-05-31 00:00:00+00:00,122.75,122.87,0.0,0.0
2023-06-01 00:00:00+00:00,122.815,123.72,0.0,0.0
2023-06-02 00:00:00+00:00,123.99,124.67,0.0,0.0
2023-06-05 00:00:00+00:00,124.01,126.01,0.0,0.0
2023-06-06 00:00:00+00:00,126.01,127.31,0.0,0.0
2023-06-07 00:00:00+00:00,126.97,122.5,0.0,0.0
2023-06-08 00:00:00+00:00,122.225,122.14,0.0,0.0
2023-06-09 00:00:00+00:00,122.25,122.23,0.0,0.0
2023-06-12 00:00:00+00:00,122.785,123.64,0.0,0.0
2023-06-13 00:00:00+00:00,124.98,123.83,0.0,0.0
2023-06-14 00:00:00+00:00,123.1,123.67,0.0,0.0
2023-06-15 00:00:00+00:00,123.14,125.09,0.0,0.0
2023-06-16 00:00:00+00:00,125.93,123.53,0.0,0.0
2023-06-20 00:00:00+00:00,122.93,123.1,0.0,0.0
2023-06-21 00:00:00+00:00,122.4,120.55,0.0,0.0
2023-06-22 00:00:00+00:00,120.0,123.15,0.0,0.0
2023-06-23 00:00:00+00:00,121.38,122.34,0.0,0.0
2023-06-26 00:00:00+00:00,120.76,118.34,0.0,0.0
2023-06-27 00:00:00+00:00,117.08,118.33,0.0,0.0
2023-06-28 00:00:00+00:00,117.09,120.18,0.0,0.0
2023-06-29 00:00:00+00:00,119.24,119.1,0.0,0.0
2023-06-30 00:00:00+00:00,120.17,119.7,0.0,0.0
2023-07-03 00:00:00+00:00,119.24,119.9,0.0,0.0
2023-07-05 00:00:00+00:00,119.24,121.75,0.0,0.0
2023-07-06 00:00:00+00:00,119.795,120.11,0.0,0.0
2023-07-07 00:00:00+00:00,120.1,119.48,0.0,0.0
2023-07-10 00:00:00+00:00,118.3,116.45,0.0,0.0
2023-07-11 00:00:00+00:00,116.29,117.14,0.0,0.0
2023-07-12 00:00:00+00:00,118.8,118.93,0.0,0.0
2023-07-13 00:00:00+00:00,120.93,124.54,0.0,0.0
2023-07-14 00:00:00+00:00,124.8,125.42,0.0,0.0
2023-07-17 00:00:00+00:00,125.94,124.65,0.0,0.0
2023-07-18 00:00:00+00:00,124.6,123.76,0.0,0.0
2023-07-19 00:00:00+00:00,124.6,122.03,0.0,0.0
2023-07-20 00:00:00+00:00,121.42,119.2,0.0,0.0
2023-07-21 00:00:00+00:00,120.62,120.02,0.0,0.0
2023-07-24 00:00:00+00:00,121.66,121.53,0.0,0.0
2023-07-25 00:00:00+00:00,121.36,122.21,0.0,0.0
2023-07-26 00:00:00+00:00,130.07,129.27,0.0,0.0
2023-07-27 00:00:00+00:00,131.67,129.4,0.0,0.0
2023-07-28 00:00:00+00:00,130.78,132.58,0.0,0.0
2023-07-31 00:00:00+00:00,132.73,132.72,0.0,0.0
2023-08-01 00:00:00+00:00,130.775,131.55,0.0,0.0
2023-08-02 00:00:00+00:00,129.45,128.38,0.0,0.0
2023-08-03 00:00:00+00:00,127.97,128.45,0.0,0.0
2023-08-04 00:00:00+00:00,129.28,128.11,0.0,0.0
2023-08-07 00:00:00+00:00,129.16,131.53,0.0,0.0
2023-08-08 00:00:00+00:00,130.62,131.4,0.0,0.0
2023-08-09 00:00:00+00:00,131.66,129.66,0.0,0.0
2023-08-10 00:00:00+00:00,131.32,129.69,0.0,0.0
2023-08-11 00:00:00+00:00,128.66,129.56,0.0,0.0
2023-08-14 00:00:00+00:00,129.39,131.33,0.0,0.0
2023-08-15 00:00:00+00:00,131.1,129.78,0.0,0.0
2023-08-16 00:00:00+00:00,128.7,128.7,0.0,0.0
2023-08-17 00:00:00+00:00,129.8,129.92,0.0,0.0
2023-08-18 00:00:00+00:00,128.51,127.46,0.0,0.0
2023-08-21 00:00:00+00:00,127.175,128.37,0.0,0.0
2023-08-22 00:00:00+00:00,128.51,129.08,0.0,0.0
2023-08-23 00:00:00+00:00,130.18,132.37,0.0,0.0
2023-08-24 00:00:00+00:00,133.95,129.78,0.0,0.0
2023-08-25 00:00:00+00:00,129.54,129.88,0.0,0.0
2023-08-28 00:00:00+00:00,131.31,131.01,0.0,0.0
2023-08-29 00:00:00+00:00,132.24,134.57,0.0,0.0
2023-08-30 00:00:00+00:00,134.78,135.88,0.0,0.0
2023-08-31 00:00:00+00:00,136.01,136.17,0.0,0.0
2023-09-01 00:00:00+00:00,137.455,135.66,0.0,0.0
2023-09-05 00:00:00+00:00,135.44,135.77,0.0,0.0
2023-09-06 00:00:00+00:00,136.02,134.46,0.0,0.0
2023-09-07 00:00:00+00:00,133.59,135.26,0.0,0.0
2023-09-08 00:00:00+00:00,134.91,136.38,0.0,0.0
2023-09-11 00:00:00+00:00,136.54,136.92,0.0,0.0
2023-09-12 00:00:00+00:00,136.26,135.34,0.0,0.0
2023-09-13 00:00:00+00:00,135.09,136.71,0.0,0.0
2023-09-14 00:00:00+00:00,137.6,138.1,0.0,0.0
2023-09-15 00:00:00+00:00,137.98,137.4,0.0,0.0
2023-09-18 00:00:00+00:00,136.61,138.21,0.0,0.0
2023-09-19 00:00:00+00:00,137.42,138.04,0.0,0.0
2023-09-20 00:00:00+00:00,138.08,133.74,0.0,0.0
2023-09-21 00:00:00+00:00,131.44,130.44,0.0,0.0
2023-09-22 00:00:00+00:00,130.76,130.25,0.0,0.0
2023-09-25 00:00:00+00:00,129.83,131.11,0.0,0.0
2023-09-26 00:00:00+00:00,129.77,128.565,0.0,0.0
2023-09-27 00:00:00+00:00,128.57,130.54,0.0,0.0
2023-09-28 00:00:00+00:00,129.84,132.31,0.0,0.0
2023-09-29 00:00:00+00:00,133.28,130.86,0.0,0.0
2023-10-02 00:00:00+00:00,131.21,134.17,0.0,0.0
2023-10-03 00:00:00+00:00,133.94,132.43,0.0,0.0
2023-10-04 00:00:00+00:00,132.79,135.24,0.0,0.0
2023-10-05 00:00:00+00:00,135.07,135.07,0.0,0.0
2023-10-06 00:00:00+00:00,134.01,137.58,0.0,0.0
2023-10-09 00:00:00+00:00,136.94,138.42,0.0,0.0
2023-10-10 00:00:00+00:00,138.5,138.06,0.0,0.0
2023-10-11 00:00:00+00:00,138.58,140.55,0.0,0.0
2023-10-12 00:00:00+00:00,141.05,138.97,0.0,0.0
2023-10-13 00:00:00+00:00,139.38,137.36,0.0,0.0
2023-10-16 00:00:00+00:00,138.17,139.095,0.0,0.0
2023-10-17 00:00:00+00:00,138.63,139.72,0.0,0.0
2023-10-18 00:00:00+00:00,139.445,137.96,0.0,0.0
2023-10-19 00:00:00+00:00,138.5,137.75,0.0,0.0
2023-10-20 00:00:00+00:00,137.33,135.6,0.0,0.0
2023-10-23 00:00:00+00:00,135.04,136.5,0.0,0.0
2023-10-24 00:00:00+00:00,137.83,138.81,0.0,0.0
2023-10-25 00:00:00+00:00,128.16,125.61,0.0,0.0
2023-10-26 00:00:00+00:00,123.27,122.28,0.0,0.0
2023-10-27 00:00:00+00:00,122.88,122.17,0.0,0.0
2023-10-30 00:00:00+00:00,123.21,124.46,0.0,0.0
2023-10-31 00:00:00+00:00,125.06,124.08,0.0,0.0
2023-11-01 00:00:00+00:00,124.07,126.45,0.0,0.0
2023-11-02 00:00:00+00:00,128.42,127.49,0.0,0.0
2023-11-03 00:00:00+00:00,128.02,129.1,0.0,0.0
2023-11-06 00:00:00+00:00,129.05,130.25,0.0,0.0
2023-11-07 00:00:00+00:00,130.71,130.97,0.0,0.0
2023-11-08 00:00:00+00:00,130.97,131.84,0.0,0.0
2023-11-09 00:00:00+00:00,131.96,130.24,0.0,0.0
2023-11-10 00:00:00+00:00,130.105,132.59,0.0,0.0
2023-11-13 00:00:00+00:00,131.78,132.09,0.0,0.0
2023-11-14 00:00:00+00:00,134.19,133.62,0.0,0.0
2023-11-15 00:00:00+00:00,134.87,134.62,0.0,0.0
2023-11-16 00:00:00+00:00,135.19,136.93,0.0,0.0
2023-11-17 00:00:00+00:00,136.0,135.31,0.0,0.0
2023-11-20 00:00:00+00:00,133.69,136.25,0.0,0.0
2023-11-21 00:00:00+00:00,136.29,136.97,0.0,0.0
2023-11-22 00:00:00+00:00,137.47,138.49,0.0,0.0
2023-11-24 00:00:00+00:00,138.03,136.69,0.0,0.0
2023-11-27 00:00:00+00:00,136.03,136.41,0.0,0.0
2023-11-28 00:00:00+00:00,136.08,137.2,0.0,0.0
2023-11-29 00:00:00+00:00,137.57,134.99,0.0,0.0
2023-11-30 00:00:00+00:00,135.05,132.53,0.0,0.0
2023-12-01 00:00:00+00:00,131.86,131.86,0.0,0.0
2023-12-04 00:00:00+00:00,129.88,129.27,0.0,0.0
2023-12-05 00:00:00+00:00,128.95,130.99,0.0,0.0
2023-12-06 00:00:00+00:00,131.44,130.02,0.0,0.0
2023-12-07 00:00:00+00:00,135.04,136.93,0.0,0.0
2023-12-08 00:00:00+00:00,134.2,134.99,0.0,0.0
2023-12-11 00:00:00+00:00,132.38,133.29,0.0,0.0
2023-12-12 00:00:00+00:00,131.81,132.52,0.0,0.0
2023-12-13 00:00:00+00:00,133.38,132.57,0.0,0.0
2023-12-14 00:00:00+00:00,133.38,131.94,0.0,0.0
2023-12-15 00:00:00+00:00,131.62,132.6,0.0,0.0
2023-12-18 00:00:00+00:00,132.63,135.8,0.0,0.0
2023-12-19 00:00:00+00:00,136.84,136.65,0.0,0.0
2023-12-20 00:00:00+00:00,138.97,138.34,0.0,0.0
2023-12-21 00:00:00+00:00,139.49,140.42,0.0,0.0
2023-12-22 00:00:00+00:00,140.77,141.49,0.0,0.0
2023-12-26 00:00:00+00:00,141.59,141.52,0.0,0.0
2023-12-27 00:00:00+00:00,141.59,140.37,0.0,0.0
2023-12-28 00:00:00+00:00,140.78,140.23,0.0,0.0
2023-12-29 00:00:00+00:00,139.63,139.69,0.0,0.0
2024-01-02 00:00:00+00:00,138.55,138.17,0.0,0.0
2024-01-03 00:00:00+00:00,137.25,138.92,0.0,0.0
2024-01-04 00:00:00+00:00,138.42,136.39,0.0,0.0
2024-01-05 00:00:00+00:00,136.745,135.73,0.0,0.0
2024-01-08 00:00:00+00:00,136.29,138.84,0.0,0.0
2024-01-09 00:00:00+00:00,138.5,140.95,0.0,0.0
2024-01-10 00:00:00+00:00,141.0,142.28,0.0,0.0
2024-01-11 00:00:00+00:00,143.49,142.08,0.0,0.0
2024-01-12 00:00:00+00:00,142.67,142.65,0.0,0.0
2024-01-16 00:00:00+00:00,142.0,142.49,0.0,0.0
2024-01-17 00:00:00+00:00,141.345,141.47,0.0,0.0
2024-01-18 00:00:00+00:00,142.05,143.48,0.0,0.0
2024-01-19 00:00:00+00:00,144.74,146.38,0.0,0.0
2024-01-22 00:00:00+00:00,147.1,145.99,0.0,0.0
2024-01-23 00:00:00+00:00,145.89,147.04,0.0,0.0
2024-01-24 00:00:00+00:00,148.54,148.7,0.0,0.0
2024-01-25 00:00:00+00:00,150.065,151.87,0.0,0.0
2024-01-26 00:00:00+00:00,151.1,152.185,0.0,0.0
2024-01-29 00:00:00+00:00,152.06,153.51,0.0,0.0
2024-01-30 00:00:00+00:00,152.8,151.46,0.0,0.0
2024-01-31 00:00:00+00:00,143.62,140.1,0.0,0.0
2024-02-01 00:00:00+00:00,142.12,141.16,0.0,0.0
2024-02-02 00:00:00+00:00,139.26,142.38,0.0,0.0
2024-02-05 00:00:00+00:00,142.82,143.68,0.0,0.0
2024-02-06 00:00:00+00:00,144.65,144.1,0.0,0.0
2024-02-07 00:00:00+00:00,144.76,145.54,0.0,0.0
2024-02-08 00:00:00+00:00,145.83,145.91,0.0,0.0
2024-02-09 00:00:00+00:00,146.68,149.0,0.0,0.0
2024-02-12 00:00:00+00:00,148.42,147.53,0.0,0.0
2024-02-13 00:00:00+00:00,144.92,145.14,0.0,0.0
2024-02-14 00:00:00+00:00,146.08,145.94,0.0,0.0
2024-02-15 00:00:00+00:00,143.14,142.77,0.0,0.0
2024-02-16 00:00:00+00:00,142.99,140.52,0.0,0.0
2024-02-20 00:00:00+00:00,139.655,141.12,0.0,0.0
2024-02-21 00:00:00+00:00,141.45,142.55,0.0,0.0
2024-02-22 00:00:00+00:00,144.93,144.09,0.0,0.0
2024-02-23 00:00:00+00:00,143.67,143.96,0.0,0.0
2024-02-26 00:00:00+00:00,142.14,137.57,0.0,0.0
2024-02-27 00:00:00+00:00,138.02,138.88,0.0,0.0
2024-02-28 00:00:00+00:00,137.9,136.38,0.0,0.0
2024-02-29 00:00:00+00:00,137.28,138.46,0.0,0.0
2024-03-01 00:00:00+00:00,138.43,137.14,0.0,0.0
2024-03-04 00:00:00+00:00,135.66,133.35,0.0,0.0
2024-03-05 00:00:00+00:00,131.88,132.67,0.0,0.0
2024-03-06 00:00:00+00:00,133.12,131.4,0.0,0.0
2024-03-07 00:00:00+00:00,132.795,134.38,0.0,0.0
2024-03-08 00:00:00+00:00,134.21,135.41,0.0,0.0
2024-03-11 00:00:00+00:00,136.13,137.67,0.0,0.0
2024-03-12 00:00:00+00:00,137.03,138.5,0.0,0.0
2024-03-13 00:00:00+00:00,139.0,139.79,0.0,0.0
2024-03-14 00:00:00+00:00,141.19,143.1,0.0,0.0
2024-03-15 00:00:00+00:00,142.5,141.18,0.0,0.0
2024-03-18 00:00:00+00:00,148.61,147.68,0.0,0.0
2024-03-19 00:00:00+00:00,148.16,147.03,0.0,0.0
2024-03-20 00:00:00+00:00,148.0,148.74,0.0,0.0
2024-03-21 00:00:00+00:00,149.47,147.6,0.0,0.0
2024-03-22 00:00:00+00:00,149.12,150.77,0.0,0.0
2024-03-25 00:00:00+00:00,149.94,150.07,0.0,0.0
2024-03-26 00:00:00+00:00,150.22,150.67,0.0,0.0
2024-03-27 00:00:00+00:00,151.18,150.87,0.0,0.0
2024-03-28 00:00:00+00:00,150.85,150.93,0.0,0.0
2024-04-01 00:00:00+00:00,150.69,155.49,0.0,0.0
2024-04-02 00:00:00+00:00,153.5,154.56,0.0,0.0
2024-04-03 00:00:00+00:00,153.6,154.92,0.0,0.0
2024-04-04 00:00:00+00:00,153.5,150.53,0.0,0.0
2024-04-05 00:00:00+00:00,150.03,152.5,0.0,0.0
2024-04-08 00:00:00+00:00,152.78,154.85,0.0,0.0
2024-04-09 00:00:00+00:00,156.085,156.6,0.0,0.0
2024-04-10 00:00:00+00:00,156.21,156.14,0.0,0.0
2024-04-11 00:00:00+00:00,156.91,159.41,0.0,0.0
2024-04-12 00:00:00+00:00,157.96,157.73,0.0,0.0
2024-04-15 00:00:00+00:00,158.86,154.86,0.0,0.0
2024-04-16 00:00:00+00:00,154.19,154.4,0.0,0.0
2024-04-17 00:00:00+00:00,155.62,155.47,0.0,0.0
2024-04-18 00:00:00+00:00,155.34,156.01,0.0,0.0
2024-04-19 00:00:00+00:00,156.2,154.09,0.0,0.0
2024-04-22 00:00:00+00:00,154.31,156.28,0.0,0.0
2024-04-23 00:00:00+00:00,156.96,158.26,0.0,0.0
2024-04-24 00:00:00+00:00,157.49,159.13,0.0,0.0
2024-04-25 00:00:00+00:00,151.33,156.0,0.0,0.0
2024-04-26 00:00:00+00:00,174.37,171.95,0.0,0.0
2024-04-29 00:00:00+00:00,169.058,166.15,0.0,0.0
2024-04-30 00:00:00+00:00,165.612,162.78,0.0,0.0
2024-05-01 00:00:00+00:00,164.3,163.86,0.0,0.0
2024-05-02 00:00:00+00:00,164.785,166.62,0.0,0.0
2024-05-03 00:00:00+00:00,167.56,167.24,0.0,0.0
2024-05-06 00:00:00+00:00,167.46,168.1,0.0,0.0
2024-05-07 00:00:00+00:00,168.5,171.25,0.0,0.0
2024-05-08 00:00:00+00:00,169.0,169.38,0.0,0.0
2024-05-09 00:00:00+00:00,169.39,169.96,0.0,0.0
2024-05-10 00:00:00+00:00,168.025,168.65,0.0,0.0
2024-05-13 00:00:00+00:00,164.26,169.14,0.0,0.0
2024-05-14 00:00:00+00:00,169.77,170.34,0.0,0.0
2024-05-15 00:00:00+00:00,170.63,172.51,0.0,0.0
2024-05-16 00:00:00+00:00,173.29,174.18,0.0,0.0
2024-05-17 00:00:00+00:00,174.18,176.06,0.0,0.0
2024-05-20 00:00:00+00:00,176.192,176.92,0.0,0.0
2024-05-21 00:00:00+00:00,176.9,177.85,0.0,0.0
2024-05-22 00:00:00+00:00,176.644,176.38,0.0,0.0
2024-05-23 00:00:00+00:00,177.07,173.55,0.0,0.0
2024-05-24 00:00:00+00:00,174.98,174.99,0.0,0.0
2024-05-28 00:00:00+00:00,174.45,176.4,0.0,0.0
2024-05-29 00:00:00+00:00,175.43,175.9,0.0,0.0
2024-05-30 00:00:00+00:00,175.2,172.11,0.0,0.0
2024-05-31 00:00:00+00:00,171.86,172.5,0.0,0.0
2024-06-03 00:00:00+00:00,172.54,173.17,0.0,0.0
2024-06-04 00:00:00+00:00,173.28,173.79,0.0,0.0
2024-06-05 00:00:00+00:00,175.2,175.41,0.0,0.0
2024-06-06 00:00:00+00:00,175.895,176.73,0.0,0.0
2024-06-07 00:00:00+00:00,177.05,174.46,0.0,0.0
2024-06-10 00:00:00+00:00,174.97,175.01,0.2,0.0
2024-06-11 00:00:00+00:00,176.22,176.62,0.0,0.0
2024-06-12 00:00:00+00:00,178.25,177.79,0.0,0.0
2024-06-13 00:00:00+00:00,176.11,175.16,0.0,0.0
2024-06-14 00:00:00+00:00,174.22,176.79,0.0,0.0
2024-06-17 00:00:00+00:00,175.46,177.24,0.0,0.0
2024-06-18 00:00:00+00:00,177.14,175.09,0.0,0.0
2024-06-20 00:00:00+00:00,175.37,176.3,0.0,0.0
2024-06-21 00:00:00+00:00,177.0,179.63,0.0,0.0
2024-06-24 00:00:00+00:00,180.16,179.22,0.0,0.0
2024-06-25 00:00:00+00:00,179.62,184.03,0.0,0.0
2024-06-26 00:00:00+00:00,182.63,183.88,0.0,0.0
2024-06-27 00:00:00+00:00,184.18,185.41,0.0,0.0
2024-06-28 00:00:00+00:00,184.32,182.15,0.0,0.0
2024-07-01 00:00:00+00:00,183.03,182.99,0.0,0.0
2024-07-02 00:00:00+00:00,182.05,185.24,0.0,0.0
2024-07-03 00:00:00+00:00,184.85,185.82,0.0,0.0
2024-07-05 00:00:00+00:00,185.855,190.6,0.0,0.0
2024-07-08 00:00:00+00:00,189.895,189.03,0.0,0.0
2024-07-09 00:00:00+00:00,190.31,188.98,0.0,0.0
2024-07-10 00:00:00+00:00,189.15,191.18,0.0,0.0
2024-07-11 00:00:00+00:00,189.845,185.57,0.0,0.0
2024-07-12 00:00:00+00:00,185.08,185.07,0.0,0.0
2024-07-15 00:00:00+00:00,184.92,186.53,0.0,0.0
2024-07-16 00:00:00+00:00,187.36,183.92,0.0,0.0
2024-07-17 00:00:00+00:00,182.965,181.02,0.0,0.0
2024-07-18 00:00:00+00:00,181.93,177.69,0.0,0.0
2024-07-19 00:00:00+00:00,178.88,177.66,0.0,0.0
2024-07-22 00:00:00+00:00,180.59,181.67,0.0,0.0
2024-07-23 00:00:00+00:00,182.05,181.79,0.0,0.0
2024-07-24 00:00:00+00:00,173.6,172.63,0.0,0.0
2024-07-25 00:00:00+00:00,172.52,167.28,0.0,0.0
2024-07-26 00:00:00+00:00,167.15,167.0,0.0,0.0
2024-07-29 00:00:00+00:00,168.83,169.53,0.0,0.0
2024-07-30 00:00:00+00:00,170.24,170.29,0.0,0.0
2024-07-31 00:00:00+00:00,173.24,171.54,0.0,0.0
2024-08-01 00:00:00+00:00,170.25,170.76,0.0,0.0
2024-08-02 00:00:00+00:00,166.44,166.66,0.0,0.0
2024-08-05 00:00:00+00:00,155.5,159.25,0.0,0.0
2024-08-06 00:00:00+00:00,159.33,158.29,0.0,0.0
2024-08-07 00:00:00+00:00,161.25,158.94,0.0,0.0
2024-08-08 00:00:00+00:00,160.51,162.03,0.0,0.0
2024-08-09 00:00:00+00:00,160.01,163.67,0.0,0.0
2024-08-12 00:00:00+00:00,164.35,162.29,0.0,0.0
2024-08-13 00:00:00+00:00,163.41,164.16,0.0,0.0
2024-08-14 00:00:00+00:00,162.4,160.37,0.0,0.0
2024-08-15 00:00:00+00:00,160.5,161.3,0.0,0.0
2024-08-16 00:00:00+00:00,161.47,162.96,0.0,0.0
2024-08-19 00:00:00+00:00,165.28,166.67,0.0,0.0
2024-08-20 00:00:00+00:00,166.9,167.18,0.0,0.0
2024-08-21 00:00:00+00:00,165.15,165.85,0.0,0.0
2024-08-22 00:00:00+00:00,167.26,163.8,0.0,0.0
2024-08-23 00:00:00+00:00,164.72,165.62,0.0,0.0
2024-08-26 00:00:00+00:00,166.38,166.16,0.0,0.0
2024-08-27 00:00:00+00:00,165.835,164.68,0.0,0.0
2024-08-28 00:00:00+00:00,165.035,162.85,0.0,0.0
2024-08-29 00:00:00+00:00,164.31,161.78,0.0,0.0
2024-08-30 00:00:00+00:00,162.615,163.38,0.0,0.0
2024-09-03 00:00:00+00:00,161.72,157.36,0.0,0.0
2024-09-04 00:00:00+00:00,156.655,156.45,0.0,0.0
2024-09-05 00:00:00+00:00,156.3,157.24,0.0,0.0
2024-09-06 00:00:00+00:00,157.3,150.92,0.0,0.0
2024-09-09 00:00:00+00:00,152.51,148.71,0.2,0.0
2024-09-10 00:00:00+00:00,150.45,148.66,0.0,0.0
2024-09-11 00:00:00+00:00,149.92,151.16,0.0,0.0
2024-09-12 00:00:00+00:00,153.8,154.69,0.0,0.0
2024-09-13 00:00:00+00:00,155.43,157.46,0.0,0.0
2024-09-16 00:00:00+00:00,157.31,158.06,0.0,0.0
2024-09-17 00:00:00+00:00,159.02,159.32,0.0,0.0
2024-09-18 00:00:00+00:00,159.86,159.81,0.0,0.0
2024-09-19 00:00:00+00:00,163.71,162.14,0.0,0.0
2024-09-20 00:00:00+00:00,163.5,163.59,0.0,0.0
2024-09-23 00:00:00+00:00,164.35,161.85,0.0,0.0
2024-09-24 00:00:00+00:00,163.03,162.29,0.0,0.0
2024-09-25 00:00:00+00:00,161.47,161.49,0.0,0.0
2024-09-26 00:00:00+00:00,163.64,162.73,0.0,0.0
2024-09-27 00:00:00+00:00,162.81,163.95,0.0,0.0
2024-09-30 00:00:00+00:00,163.32,165.85,0.0,0.0
2024-10-01 00:00:00+00:00,167.685,166.99,0.0,0.0
2024-10-02 00:00:00+00:00,166.42,165.86,0.0,0.0
2024-10-03 00:00:00+00:00,164.41,165.86,0.0,0.0
2024-10-04 00:00:00+00:00,168.06,167.06,0.0,0.0
2024-10-07 00:00:00+00:00,167.72,162.98,0.0,0.0
2024-10-08 00:00:00+00:00,163.94,164.38,0.0,0.0
2024-10-09 00:00:00+00:00,163.45,161.86,0.0,0.0
2024-10-10 00:00:00+00:00,160.87,162.08,0.0,0.0
2024-10-11 00:00:00+00:00,162.13,163.24,0.0,0.0
2024-10-14 00:00:00+00:00,163.64,164.96,0.0,0.0
2024-10-15 00:00:00+00:00,165.785,165.46,0.0,0.0
2024-10-16 00:00:00+00:00,164.53,165.16,0.0,0.0
2024-10-17 00:00:00+00:00,165.73,162.93,0.0,0.0
2024-10-18 00:00:00+00:00,163.19,163.42,0.0,0.0
2024-10-21 00:00:00+00:00,162.95,164.07,0.0,0.0
2024-10-22 00:00:00+00:00,162.98,165.14,0.0,0.0
2024-10-23 00:00:00+00:00,164.76,162.78,0.0,0.0
2024-10-24 00:00:00+00:00,162.83,162.72,0.0,0.0
2024-10-25 00:00:00+00:00,163.67,165.27,0.0,0.0
2024-10-28 00:00:00+00:00,168.75,166.72,0.0,0.0
2024-10-29 00:00:00+00:00,167.73,169.68,0.0,0.0
2024-10-30 00:00:00+00:00,180.68,174.46,0.0,0.0
2024-10-31 00:00:00+00:00,173.13,171.11,0.0,0.0
2024-11-01 00:00:00+00:00,170.07,171.29,0.0,0.0
2024-11-04 00:00:00+00:00,169.93,169.24,0.0,0.0
2024-11-05 00:00:00+00:00,169.43,169.74,0.0,0.0
2024-11-06 00:00:00+00:00,173.8,176.51,0.0,0.0
2024-11-07 00:00:00+00:00,177.41,180.75,0.0,0.0
2024-11-08 00:00:00+00:00,180.645,178.35,0.0,0.0
2024-11-11 00:00:00+00:00,178.58,180.35,0.0,0.0
2024-11-12 00:00:00+00:00,179.82,181.62,0.0,0.0
2024-11-13 00:00:00+00:00,180.46,178.88,0.0,0.0
2024-11-14 00:00:00+00:00,178.28,175.58,0.0,0.0
2024-11-15 00:00:00+00:00,173.73,172.49,0.0,0.0
2024-11-18 00:00:00+00:00,173.42,175.3,0.0,0.0
2024-11-19 00:00:00+00:00,173.72,178.12,0.0,0.0
2024-11-20 00:00:00+00:00,177.34,175.98,0.0,0.0
2024-11-21 00:00:00+00:00,173.9,167.63,0.0,0.0
2024-11-22 00:00:00+00:00,165.85,164.76,0.0,0.0
2024-11-25 00:00:00+00:00,166.09,167.65,0.0,0.0
2024-11-26 00:00:00+00:00,167.63,169.12,0.0,0.0
2024-11-27 00:00:00+00:00,169.0,169.23,0.0,0.0
2024-11-29 00:00:00+00:00,168.5,168.95,0.0,0.0
2024-12-02 00:00:00+00:00,168.765,171.49,0.0,0.0
2024-12-03 00:00:00+00:00,171.49,171.34,0.0,0.0
2024-12-04 00:00:00+00:00,171.145,174.37,0.0,0.0
2024-12-05 00:00:00+00:00,175.36,172.64,0.0,0.0
2024-12-06 00:00:00+00:00,172.03,174.71,0.0,0.0
2024-12-09 00:00:00+00:00,173.96,175.37,0.2,0.0
2024-12-10 00:00:00+00:00,182.845,185.17,0.0,0.0
2024-12-11 00:00:00+00:00,185.31,195.4,0.0,0.0
2024-12-12 00:00:00+00:00,195.0,191.96,0.0,0.0
2024-12-13 00:00:00+00:00,191.01,189.82,0.0,0.0
2024-12-16 00:00:00+00:00,192.87,196.66,0.0,0.0
2024-12-17 00:00:00+00:00,197.25,195.42,0.0,0.0
2024-12-18 00:00:00+00:00,195.22,188.4,0.0,0.0
2024-12-19 00:00:00+00:00,191.625,188.51,0.0,0.0
2024-12-20 00:00:00+00:00,185.78,191.41,0.0,0.0
2024-12-23 00:00:00+00:00,192.62,194.63,0.0,0.0
2024-12-24 00:00:00+00:00,194.84,196.11,0.0,0.0
2024-12-26 00:00:00+00:00,195.15,195.6,0.0,0.0
2024-12-27 00:00:00+00:00,194.95,192.76,0.0,0.0
2024-12-30 00:00:00+00:00,189.8,191.24,0.0,0.0
2024-12-31 00:00:00+00:00,191.075,189.3,0.0,0.0
2025-01-02 00:00:00+00:00,190.65,189.43,0.0,0.0
2025-01-03 00:00:00+00:00,191.37,191.79,0.0,0.0
2025-01-06 00:00:00+00:00,193.98,196.87,0.0,0.0
2025-01-07 00:00:00+00:00,197.11,195.49,0.0,0.0
2025-01-08 00:00:00+00:00,192.57,193.95,0.0,0.0
2025-01-10 00:00:00+00:00,194.295,192.04,0.0,0.0
2025-01-13 00:00:00+00:00,190.07,191.01,0.0,0.0
2025-01-14 00:00:00+00:00,191.24,189.66,0.0,0.0
2025-01-15 00:00:00+00:00,193.09,195.55,0.0,0.0
2025-01-16 00:00:00+00:00,194.14,192.91,0.0,0.0
2025-01-17 00:00:00+00:00,196.53,196.0,0.0,0.0
2025-01-21 00:00:00+00:00,199.07,198.05,0.0,0.0
2025-01-22 00:00:00+00:00,199.06,198.37,0.0,0.0
2025-01-23 00:00:00+00:00,198.14,197.98,0.0,0.0
2025-01-24 00:00:00+00:00,198.1,200.21,0.0,0.0
2025-01-27 00:00:00+00:00,192.41,191.81,0.0,0.0
2025-01-28 00:00:00+00:00,192.745,195.3,0.0,0.0
2025-01-29 00:00:00+00:00,195.555,195.41,0.0,0.0
2025-01-30 00:00:00+00:00,198.0,200.87,0.0,0.0
2025-01-31 00:00:00+00:00,202.0,204.02,0.0,0.0
2025-02-03 00:00:00+00:00,200.69,201.23,0.0,0.0
2025-02-04 00:00:00+00:00,203.39,206.38,0.0,0.0
2025-02-05 00:00:00+00:00,191.07,191.33,0.0,0.0
2025-02-06 00:00:00+00:00,189.5,191.6,0.0,0.0
2025-02-07 00:00:00+00:00,191.05,185.34,0.0,0.0
2025-02-10 00:00:00+00:00,187.35,186.47,0.0,0.0
2025-02-11 00:00:00+00:00,185.03,185.32,0.0,0.0
2025-02-12 00:00:00+00:00,183.22,183.61,0.0,0.0
2025-02-13 00:00:00+00:00,184.32,186.14,0.0,0.0
2025-02-14 00:00:00+00:00,185.055,185.23,0.0,0.0
2025-02-18 00:00:00+00:00,185.6,183.77,0.0,0.0
2025-02-19 00:00:00+00:00,184.07,185.27,0.0,0.0
2025-02-20 00:00:00+00:00,184.8,184.56,0.0,0.0
2025-02-21 00:00:00+00:00,185.15,179.66,0.0,0.0
2025-02-24 00:00:00+00:00,181.99,179.25,0.0,0.0
2025-02-25 00:00:00+00:00,178.04,175.42,0.0,0.0
2025-02-26 00:00:00+00:00,175.07,172.73,0.0,0.0
2025-02-27 00:00:00+00:00,173.99,168.5,0.0,0.0
2025-02-28 00:00:00+00:00,168.68,170.28,0.0,0.0
2025-03-03 00:00:00+00:00,171.925,167.01,0.0,0.0
2025-03-04 00:00:00+00:00,166.24,170.92,0.0,0.0
2025-03-05 00:00:00+00:00,170.52,173.02,0.0,0.0
2025-03-06 00:00:00+00:00,170.53,172.35,0.0,0.0
2025-03-07 00:00:00+00:00,171.26,173.86,0.0,0.0
2025-03-10 00:00:00+00:00,168.26,165.87,0.2,0.0
2025-03-11 00:00:00+00:00,164.91,164.04,0.0,0.0
2025-03-12 00:00:00+00:00,166.58,167.11,0.0,0.0
2025-03-13 00:00:00+00:00,166.035,162.76,0.0,0.0
2025-03-14 00:00:00+00:00,163.27,165.49,0.0,0.0
2025-03-17 00:00:00+00:00,165.03,164.29,0.0,0.0
2025-03-18 00:00:00+00:00,163.675,160.67,0.0,0.0
2025-03-19 00:00:00+00:00,161.76,163.89,0.0,0.0
2025-03-20 00:00:00+00:00,161.57,162.8,0.0,0.0
2025-03-21 00:00:00+00:00,161.205,163.99,0.0,0.0
2025-03-24 00:00:00+00:00,167.065,167.68,0.0,0.0
2025-03-25 00:00:00+00:00,168.98,170.56,0.0,0.0
2025-03-26 00:00:00+00:00,169.0,165.06,0.0,0.0
2025-03-27 00:00:00+00:00,164.63,162.24,0.0,0.0
2025-03-28 00:00:00+00:00,160.49,154.33,0.0,0.0
2025-03-31 00:00:00+00:00,153.11,154.64,0.0,0.0
2025-04-01 00:00:00+00:00,153.62,157.07,0.0,0.0
2025-04-02 00:00:00+00:00,155.15,157.04,0.0,0.0
2025-04-03 00:00:00+00:00,151.11,150.72,0.0,0.0
2025-04-04 00:00:00+00:00,148.01,145.6,0.0,0.0
2025-04-07 00:00:00+00:00,141.55,146.75,0.0,0.0
2025-04-08 00:00:00+00:00,151.22,144.7,0.0,0.0
2025-04-09 00:00:00+00:00,144.415,158.71,0.0,0.0
2025-04-10 00:00:00+00:00,156.54,152.82,0.0,0.0
2025-04-11 00:00:00+00:00,152.9,157.14,0.0,0.0
2025-04-14 00:00:00+00:00,159.995,159.07,0.0,0.0
2025-04-15 00:00:00+00:00,159.125,156.31,0.0,0.0
2025-04-16 00:00:00+00:00,153.1,153.33,0.0,0.0
2025-04-17 00:00:00+00:00,154.29,151.16,0.0,0.0
2025-04-21 00:00:00+00:00,148.88,147.67,0.0,0.0
2025-04-22 00:00:00+00:00,148.89,151.47,0.0,0.0
2025-04-23 00:00:00+00:00,155.61,155.35,0.0,0.0
2025-04-24 00:00:00+00:00,156.15,159.28,0.0,0.0
2025-04-25 00:00:00+00:00,165.07,161.96,0.0,0.0
2025-04-28 00:00:00+00:00,162.425,160.61,0.0,0.0
2025-04-29 00:00:00+00:00,160.325,160.16,0.0,0.0
2025-04-30 00:00:00+00:00,157.975,158.8,0.0,0.0
2025-05-01 00:00:00+00:00,160.45,161.3,0.0,0.0
2025-05-02 00:00:00+00:00,163.405,164.03,0.0,0.0
2025-05-05 00:00:00+00:00,163.0,164.21,0.0,0.0
2025-05-06 00:00:00+00:00,162.17,163.23,0.0,0.0
2025-05-07 00:00:00+00:00,164.08,151.38,0.0,0.0
2025-05-08 00:00:00+00:00,155.0,154.28,0.0,0.0
2025-05-09 00:00:00+00:00,154.17,152.75,0.0,0.0
2025-05-12 00:00:00+00:00,157.485,158.46,0.0,0.0
2025-05-13 00:00:00+00:00,158.79,159.53,0.0,0.0
2025-05-14 00:00:00+00:00,159.96,165.37,0.0,0.0
2025-05-15 00:00:00+00:00,165.84,163.96,0.0,0.0
2025-05-16 00:00:00+00:00,167.725,166.19,0.0,0.0
2025-05-19 00:00:00+00:00,164.51,166.54,0.0,0.0
2025-05-20 00:00:00+00:00,166.43,163.98,0.0,0.0
2025-05-21 00:00:00+00:00,163.69,168.56,0.0,0.0
2025-05-22 00:00:00+00:00,171.85,170.87,0.0,0.0
2025-05-23 00:00:00+00:00,169.055,168.47,0.0,0.0
2025-05-27 00:00:00+00:00,170.16,172.9,0.0,0.0
2025-05-28 00:00:00+00:00,173.16,172.36,0.0,0.0
2025-05-29 00:00:00+00:00,174.0,171.86,0.0,0.0
2025-05-30 00:00:00+00:00,171.35,171.74,0.0,0.0
2025-06-02 00:00:00+00:00,167.84,169.03,0.0,0.0
2025-06-03 00:00:00+00:00,167.49,166.18,0.0,0.0
2025-06-04 00:00:00+00:00,166.735,168.05,0.0,0.0
2025-06-05 00:00:00+00:00,170.34,168.21,0.0,0.0
2025-06-06 00:00:00+00:00,170.83,173.68,0.0,0.0
2025-06-09 00:00:00+00:00,174.54,176.09,0.21,0.0
2025-06-10 00:00:00+00:00,176.2,178.6,0.0,0.0
2025-06-11 00:00:00+00:00,179.77,177.35,0.0,0.0
2025-06-12 00:00:00+00:00,176.18,175.7,0.0,0.0
2025-06-13 00:00:00+00:00,172.44,174.67,0.0,0.0
2025-06-16 00:00:00+00:00,174.73,176.77,0.0,0.0
2025-06-17 00:00:00+00:00,175.7,175.95,0.0,0.0
2025-06-18 00:00:00+00:00,176.01,173.32,0.0,0.0
2025-06-20 00:00:00+00:00,173.945,166.64,0.0,0.0
2025-06-23 00:00:00+00:00,166.27,165.19,0.0,0.0
2025-06-24 00:00:00+00:00,166.92,166.77,0.0,0.0
2025-06-25 00:00:00+00:00,167.63,170.68,0.0,0.0
2025-06-26 00:00:00+00:00,172.43,173.54,0.0,0.0
2025-06-27 00:00:00+00:00,173.54,178.53,0.0,0.0
2025-06-30 00:00:00+00:00,180.78,176.23,0.0,0.0
2025-07-01 00:00:00+00:00,175.735,175.84,0.0,0.0
2025-07-02 00:00:00+00:00,175.54,178.64,0.0,0.0
2025-07-03 00:00:00+00:00,178.5,179.53,0.0,0.0
2025-07-07 00:00:00+00:00,179.06,176.79,0.0,0.0
2025-07-08 00:00:00+00:00,177.85,174.36,0.0,0.0
2025-07-09 00:00:00+00:00,175.25,176.62,0.0,0.0
2025-07-10 00:00:00+00:00,175.63,177.62,0.0,0.0
2025-07-11 00:00:00+00:00,176.785,180.19,0.0,0.0
2025-07-14 00:00:00+00:00,181.01,181.56,0.0,0.0
2025-07-15 00:00:00+00:00,182.81,182.0,0.0,0.0
2025-07-16 00:00:00+00:00,183.235,182.97,0.0,0.0
2025-07-17 00:00:00+00:00,182.14,183.58,0.0,0.0
2025-07-18 00:00:00+00:00,185.4,185.06,0.0,0.0
2025-07-21 00:00:00+00:00,186.25,190.1,0.0,0.0
2025-07-22 00:00:00+00:00,191.495,191.34,0.0,0.0
2025-07-23 00:00:00+00:00,191.5,190.23,0.0,0.0
2025-07-24 00:00:00+00:00,197.03,192.17,0.0,0.0
2025-07-25 00:00:00+00:00,191.98,193.18,0.0,0.0
2025-07-28 00:00:00+00:00,193.65,192.58,0.0,0.0
2025-07-29 00:00:00+00:00,192.43,195.75,0.0,0.0
2025-07-30 00:00:00+00:00,195.6,196.53,0.0,0.0
2025-07-31 00:00:00+00:00,195.71,191.9,0.0,0.0
2025-08-01 00:00:00+00:00,189.025,189.13,0.0,0.0
2025-08-04 00:00:00+00:00,190.29,195.04,0.0,0.0
2025-08-05 00:00:00+00:00,194.71,194.67,0.0,0.0
2025-08-06 00:00:00+00:00,194.5,196.09,0.0,0.0
2025-08-07 00:00:00+00:00,197.06,196.52,0.0,0.0
2025-08-08 00:00:00+00:00,197.22,201.42,0.0,0.0
2025-08-11 00:00:00+00:00,200.935,201.0,0.0,0.0
2025-08-12 00:00:00+00:00,201.365,203.34,0.0,0.0
2025-08-13 00:00:00+00:00,204.13,201.96,0.0,0.0
2025-08-14 00:00:00+00:00,201.5,202.94,0.0,0.0
2025-08-15 00:00:00+00:00,203.85,203.9,0.0,0.0
2025-08-18 00:00:00+00:00,204.2,203.5,0.0,0.0
2025-08-19 00:00:00+00:00,203.03,201.57,0.0,0.0
2025-08-20 00:00:00+00:00,200.73,199.32,0.0,0.0
2025-08-21 00:00:00+00:00,199.745,199.75,0.0,0.0
2025-08-22 00:00:00+00:00,202.73,206.09,0.0,0.0
2025-08-25 00:00:00+00:00,206.43,208.49,0.0,0.0
2025-08-26 00:00:00+00:00,207.51,207.14,0.0,0.0
2025-08-27 00:00:00+00:00,205.7,207.48,0.0,0.0
2025-08-28 00:00:00+00:00,207.25,211.64,0.0,0.0
2025-08-29 00:00:00+00:00,210.51,212.91,0.0,0.0
2025-09-02 00:00:00+00:00,208.44,211.35,0.0,0.0
2025-09-03 00:00:00+00:00,226.21,230.66,0.0,0.0
2025-09-04 00:00:00+00:00,229.65,232.3,0.0,0.0
2025-09-05 00:00:00+00:00,232.2,235.0,0.0,0.0
2025-09-08 00:00:00+00:00,235.47,234.04,0.21,0.0
2025-09-09 00:00:00+00:00,234.165,239.63,0.0,0.0
2025-09-10 00:00:00+00:00,238.9,239.17,0.0,0.0
2025-09-11 00:00:00+00:00,239.88,240.37,0.0,0.0
2025-09-12 00:00:00+00:00,240.37,240.8,0.0,0.0
2025-09-15 00:00:00+00:00,244.66,251.61,0.0,0.0
2025-09-16 00:00:00+00:00,252.08,251.16,0.0,0.0
2025-09-17 00:00:00+00:00,251.22,249.53,0.0,0.0
2025-09-18 00:00:00+00:00,251.68,252.03,0.0,0.0
2025-09-19 00:00:00+00:00,253.25,254.72,0.0,0.0
2025-09-22 00:00:00+00:00,254.43,252.53,0.0,0.0
2025-09-23 00:00:00+00:00,253.04,251.66,0.0,0.0
2025-09-24 00:00:00+00:00,251.66,247.14,0.0,0.0
2025-09-25 00:00:00+00:00,244.4,245.79,0.0,0.0
2025-09-26 00:00:00+00:00,247.065,246.54,0.0,0.0
2025-09-29 00:00:00+00:00,247.85,244.05,0.0,0.0
2025-09-30 00:00:00+00:00,242.81,243.1,0.0,0.0
2025-10-01 00:00:00+00:00,240.75,244.9,0.0,0.0
2025-10-02 00:00:00+00:00,245.15,245.69,0.0,0.0
2025-10-03 00:00:00+00:00,244.49,245.35,0.0,0.0
2025-10-06 00:00:00+00:00,244.78,250.43,0.0,0.0
2025-10-07 00:00:00+00:00,248.27,245.76,0.0,0.0
2025-10-08 00:00:00+00:00,244.96,244.62,0.0,0.0
2025-10-09 00:00:00+00:00,244.47,241.53,0.0,0.0
2025-10-10 00:00:00+00:00,241.43,236.57,0.0,0.0
2025-10-13 00:00:00+00:00,240.21,244.15,0.0,0.0
2025-10-14 00:00:00+00:00,241.23,245.45,0.0,0.0
2025-10-15 00:00:00+00:00,247.245,251.03,0.0,0.0
2025-10-16 00:00:00+00:00,251.765,251.46,0.0,0.0
2025-10-17 00:00:00+00:00,250.76,253.3,0.0,0.0
2025-10-20 00:00:00+00:00,254.69,256.55,0.0,0.0
2025-10-21 00:00:00+00:00,254.74,250.46,0.0,0.0
2025-10-22 00:00:00+00:00,254.37,251.69,0.0,0.0
2025-10-23 00:00:00+00:00,252.98,253.08,0.0,0.0
2025-10-24 00:00:00+00:00,256.58,259.92,0.0,0.0
2025-10-27 00:00:00+00:00,264.815,269.27,0.0,0.0
2025-10-28 00:00:00+00:00,269.69,267.47,0.0,0.0
2025-10-29 00:00:00+00:00,267.75,274.57,0.0,0.0
2025-10-30 00:00:00+00:00,291.59,281.48,0.0,0.0
2025-10-31 00:00:00+00:00,283.21,281.19,0.0,0.0
2025-11-03 00:00:00+00:00,282.175,283.72,0.0,0.0
2025-11-04 00:00:00+00:00,276.75,277.54,0.0,0.0
2025-11-05 00:00:00+00:00,278.87,284.31,0.0,0.0
2025-11-06 00:00:00+00:00,285.33,284.75,0.0,0.0
2025-11-07 00:00:00+00:00,283.205,278.83,0.0,0.0
2025-11-10 00:00:00+00:00,284.42,290.1,0.0,0.0
2025-11-11 00:00:00+00:00,287.745,291.31,0.0,0.0
2025-11-12 00:00:00+00:00,291.675,286.71,0.0,0.0
2025-11-13 00:00:00+00:00,282.34,278.57,0.0,0.0
2025-11-14 00:00:00+00:00,271.405,276.41,0.0,0.0
2025-11-17 00:00:00+00:00,285.775,285.02,0.0,0.0
2025-11-18 00:00:00+00:00,287.915,284.28,0.0,0.0
2025-11-19 00:00:00+00:00,287.16,292.81,0.0,0.0
2025-11-20 00:00:00+00:00,304.54,289.45,0.0,0.0
2025-11-21 00:00:00+00:00,296.415,299.66,0.0,0.0
2025-11-24 00:00:00+00:00,311.13,318.58,0.0,0.0
2025-11-25 00:00:00+00:00,326.21,323.44,0.0,0.0
2025-11-26 00:00:00+00:00,320.68,319.95,0.0,0.0
2025-11-28 00:00:00+00:00,323.365,320.18,0.0,0.0
2025-12-01 00:00:00+00:00,317.7,314.89,0.0,0.0
2025-12-02 00:00:00+00:00,316.74,315.81,0.0,0.0
2025-12-03 00:00:00+00:00,315.89,319.63,0.0,0.0
2025-12-04 00:00:00+00:00,322.225,317.62,0.0,0.0
2025-12-05 00:00:00+00:00,319.49,321.27,0.0,0.0
2025-12-08 00:00:00+00:00,320.05,313.72,0.21,0.0
2025-12-09 00:00:00+00:00,312.37,317.08,0.0,0.0
2025-12-10 00:00:00+00:00,315.83,320.21,0.0,0.0
2025-12-11 00:00:00+00:00,320.08,312.43,0.0,0.0
2025-12-12 00:00:00+00:00,313.7,309.29,0.0,0.0
2025-12-15 00:00:00+00:00,311.315,308.22,0.0,0.0
2025-12-16 00:00:00+00:00,304.945,306.57,0.0,0.0
2025-12-17 00:00:00+00:00,308.01,296.72,0.0,0.0
2025-12-18 00:00:00+00:00,301.72,302.46,0.0,0.0
2025-12-19 00:00:00+00:00,301.73,307.16,0.0,0.0
2025-12-22 00:00:00+00:00,309.875,309.78,0.0,0.0
2025-12-23 00:00:00+00:00,309.625,314.35,0.0,0.0
2025-12-24 00:00:00+00:00,314.77,314.09,0.0,0.0
2025-12-26 00:00:00+00:00,314.48,313.51,0.0,0.0
2025-12-29 00:00:00+00:00,311.365,313.56,0.0,0.0
2025-12-30 00:00:00+00:00,312.5,313.85,0.0,0.0
2025-12-31 00:00:00+00:00,312.845,313.0,0.0,0.0
2026-01-02 00:00:00+00:00,316.9,315.15,0.0,0.0
2026-01-05 00:00:00+00:00,317.655,316.54,0.0,0.0
2026-01-06 00:00:00+00:00,316.4,314.34,0.0,0.0
2026-01-07 00:00:00+00:00,314.36,321.98,0.0,0.0
2026-01-08 00:00:00+00:00,328.965,325.44,0.0,0.0
2026-01-09 00:00:00+00:00,327.09,328.57,0.0,0.0
2026-01-12 00:00:00+00:00,325.8,331.86,0.0,0.0
2026-01-13 00:00:00+00:00,334.95,335.97,0.0,0.0
2026-01-14 00:00:00+00:00,335.06,335.84,0.0,0.0
2026-01-15 00:00:00+00:00,337.65,332.78,0.0,0.0
2026-01-16 00:00:00+00:00,334.41,330.0,0.0,0.0
2026-01-20 00:00:00+00:00,320.87,322.0,0.0,0.0
2026-01-21 00:00:00+00:00,320.92,328.38,0.0,0.0
2026-01-22 00:00:00+00:00,334.45,330.54,0.0,0.0
2026-01-23 00:00:00+00:00,332.485,327.93,0.0,0.0
2026-01-26 00:00:00+00:00,327.805,333.26,0.0,0.0
2026-01-27 00:00:00+00:00,335.365,334.55,0.0,0.0
2026-01-28 00:00:00+00:00,336.06,336.01,0.0,0.0
2026-01-29 00:00:00+00:00,340.3,338.25,0.0,0.0
2026-01-30 00:00:00+00:00,340.0,338.0,0.0,0.0
2026-02-02 00:00:00+00:00,336.22,343.69,0.0,0.0
2026-02-03 00:00:00+00:00,347.34,339.71,0.0,0.0
2026-02-04 00:00:00+00:00,342.96,333.04,0.0,0.0
2026-02-05 00:00:00+00:00,312.22,331.25,0.0,0.0
2026-02-06 00:00:00+00:00,327.18,322.86,0.0,0.0
2026-02-09 00:00:00+00:00,320.93,324.32,0.0,0.0
2026-02-10 00:00:00+00:00,320.97,318.58,0.0,0.0
2026-02-11 00:00:00+00:00,318.97,310.96,0.0,0.0
2026-02-12 00:00:00+00:00,312.09,309.0,0.0,0.0
2026-02-13 00:00:00+00:00,307.725,305.72,0.0,0.0
2026-02-17 00:00:00+00:00,300.04,302.02,0.0,0.0
2026-02-18 00:00:00+00:00,302.09,303.33,0.0,0.0
2026-02-19 00:00:00+00:00,301.82,302.85,0.0,0.0
2026-02-20 00:00:00+00:00,304.32,314.98,0.0,0.0
2026-02-23 00:00:00+00:00,319.045,311.49,0.0,0.0
2026-02-24 00:00:00+00:00,310.515,310.9,0.0,0.0
2026-02-25 00:00:00+00:00,312.06,312.9,0.0,0.0
2026-02-26 00:00:00+00:00,312.64,307.38,0.0,0.0
2026-02-27 00:00:00+00:00,304.135,311.76,0.0,0.0
2026-03-02 00:00:00+00:00,303.225,306.52,0.0,0.0
2026-03-03 00:00:00+00:00,298.59,303.58,0.0,0.0
2026-03-04 00:00:00+00:00,302.89,303.13,0.0,0.0
2026-03-05 00:00:00+00:00,303.035,300.88,0.0,0.0
2026-03-06 00:00:00+00:00,296.09,298.52,0.0,0.0
2026-03-09 00:00:00+00:00,294.36,306.36,0.21,0.0
2026-03-10 00:00:00+00:00,306.17,307.04,0.0,0.0
2026-03-11 00:00:00+00:00,306.75,308.7,0.0,0.0
2026-03-12 00:00:00+00:00,306.82,303.55,0.0,0.0
2026-03-13 00:00:00+00:00,307.01,302.28,0.0,0.0
2026-03-16 00:00:00+00:00,304.35,305.56,0.0,0.0
2026-03-17 00:00:00+00:00,305.86,310.92,0.0,0.0
2026-03-18 00:00:00+00:00,309.27,307.69,0.0,0.0
2026-03-19 00:00:00+00:00,304.005,307.13,0.0,0.0
2026-03-20 00:00:00+00:00,305.46,301.0,0.0,0.0
2026-03-23 00:00:00+00:00,302.11,302.06,0.0,0.0
2026-03-24 00:00:00+00:00,299.2,290.44,0.0,0.0
2026-03-25 00:00:00+00:00,293.44,290.93,0.0,0.0
2026-03-26 00:00:00+00:00,287.91,280.92,0.0,0.0
2026-03-27 00:00:00+00:00,277.275,274.34,0.0,0.0
2026-03-30 00:00:00+00:00,276.42,273.5,0.0,0.0
2026-03-31 00:00:00+00:00,278.04,287.56,0.0,0.0
2026-04-01 00:00:00+00:00,290.835,297.39,0.0,0.0
2026-04-02 00:00:00+00:00,290.69,295.77,0.0,0.0
2026-04-06 00:00:00+00:00,295.87,299.99,0.0,0.0
2026-04-07 00:00:00+00:00,302.725,305.46,0.0,0.0
2026-04-08 00:00:00+00:00,320.445,317.32,0.0,0.0
2026-04-09 00:00:00+00:00,315.905,318.49,0.0,0.0
2026-04-10 00:00:00+00:00,320.015,317.24,0.0,0.0
2026-04-13 00:00:00+00:00,317.135,321.31,0.0,0.0
2026-04-14 00:00:00+00:00,324.785,332.91,0.0,0.0
2026-04-15 00:00:00+00:00,332.89,337.12,0.0,0.0
2026-04-16 00:00:00+00:00,338.75,336.02,0.0,0.0
2026-04-17 00:00:00+00:00,337.65,341.68,0.0,0.0
2026-04-20 00:00:00+00:00,340.755,337.42,0.0,0.0
2026-04-21 00:00:00+00:00,337.685,332.29,0.0,0.0
2026-04-22 00:00:00+00:00,337.02,339.32,0.0,0.0
2026-04-23 00:00:00+00:00,341.18,338.89,0.0,0.0
2026-04-24 00:00:00+00:00,338.725,344.4,0.0,0.0
2026-04-27 00:00:00+00:00,345.98,350.34,0.0,0.0
2026-04-28 00:00:00+00:00,348.55,349.78,0.0,0.0
2026-04-29 00:00:00+00:00,347.565,349.94,0.0,0.0
2026-04-30 00:00:00+00:00,374.07,384.8,0.0,0.0
2026-05-01 00:00:00+00:00,381.63,385.69,0.0,0.0
2026-05-04 00:00:00+00:00,385.63,383.25,0.0,0.0
2026-05-05 00:00:00+00:00,386.23,388.43,0.0,0.0
2026-05-06 00:00:00+00:00,394.245,398.04,0.0,0.0
2026-05-07 00:00:00+00:00,399.92,397.99,0.0,0.0
2026-05-08 00:00:00+00:00,397.0,400.8,0.0,0.0
2026-05-11 00:00:00+00:00,393.645,388.64,0.0,0.0
2026-05-12 00:00:00+00:00,387.34,387.35,0.0,0.0
2026-05-13 00:00:00+00:00,385.595,402.62,0.0,0.0
2026-05-14 00:00:00+00:00,397.28,401.07,0.0,0.0
2026-05-15 00:00:00+00:00,396.315,396.78,0.0,0.0
2026-05-18 00:00:00+00:00,395.685,396.94,0.0,0.0
2026-05-19 00:00:00+00:00,396.96,387.66,0.0,0.0
2026-05-20 00:00:00+00:00,387.7,388.91,0.0,0.0
2026-05-21 00:00:00+00:00,385.7,387.66,0.0,0.0
2026-05-22 00:00:00+00:00,387.345,382.97,0.0,0.0
2026-05-26 00:00:00+00:00,384.51,388.88,0.0,0.0
2026-05-27 00:00:00+00:00,386.665,388.83,0.0,0.0
2026-05-28 00:00:00+00:00,388.0,390.13,0.0,0.0
2026-05-29 00:00:00+00:00,385.24,380.34,0.0,0.0
2026-06-01 00:00:00+00:00,376.52,376.37,0.0,0.0
2026-06-02 00:00:00+00:00,366.59,361.85,0.0,0.0
2026-06-03 00:00:00+00:00,362.03,358.99,0.0,0.0
2026-06-04 00:00:00+00:00,358.9,372.19,0.0,0.0
2026-06-05 00:00:00+00:00,366.34,368.53,0.0,0.0
2026-06-08 00:00:00+00:00,365.18,363.31,0.22,0.0
2026-06-09 00:00:00+00:00,367.09,364.26,0.0,0.0
2026-06-10 00:00:00+00:00,363.19,356.38,0.0,0.0
2026-06-11 00:00:00+00:00,355.925,357.77,0.0,0.0
2026-06-12 00:00:00+00:00,362.62,359.68,0.0,0.0
2026-06-15 00:00:00+00:00,367.93,369.35,0.0,0.0
2026-06-16 00:00:00+00:00,369.6,373.25,0.0,0.0
2026-06-17 00:00:00+00:00,369.125,363.79,0.0,0.0
2026-06-18 00:00:00+00:00,365.75,368.03,0.0,0.0
2026-06-22 00:00:00+00:00,357.945,349.68,0.0,0.0
2026-06-23 00:00:00+00:00,340.69,346.13,0.0,0.0
2026-06-24 00:00:00+00:00,349.035,345.29,0.0,0.0
2026-06-25 00:00:00+00:00,336.73,343.71,0.0,0.0
2026-06-26 00:00:00+00:00,342.55,337.39,0.0,0.0
2026-06-29 00:00:00+00:00,341.825,353.65,0.0,0.0
2026-06-30 00:00:00+00:00,353.865,357.37,0.0,0.0
2026-07-01 00:00:00+00:00,358.37,361.21,0.0,0.0
2026-07-02 00:00:00+00:00,359.48,359.91,0.0,0.0
2026-07-06 00:00:00+00:00,361.55,366.46,0.0,0.0
2026-07-07 00:00:00+00:00,369.07,367.03,0.0,0.0
2026-07-08 00:00:00+00:00,364.76,361.92,0.0,0.0
2026-07-09 00:00:00+00:00,354.31,358.89,0.0,0.0
2026-07-10 00:00:00+00:00,357.525,357.18,0.0,0.0
2026-07-13 00:00:00+00:00,356.19,352.51,0.0,0.0
2026-07-14 00:00:00+00:00,351.195,359.51,0.0,0.0
2026-07-15 00:00:00+00:00,357.97,370.92,0.0,0.0
2026-07-16 00:00:00+00:00,373.06,354.46,0.0,0.0
2026-07-17 00:00:00+00:00,346.0,346.77,0.0,0.0
2026-07-20 00:00:00+00:00,350.88,351.99,0.0,0.0
2026-07-21 00:00:00+00:00,351.32,347.15,0.0,0.0
2026-07-22 00:00:00+00:00,348.155,342.09,0.0,0.0
2026-07-23 00:00:00+00:00,321.13,317.69,0.0,0.0
2026-07-24 00:00:00+00:00,318.42,319.74,0.0,0.0
2026-07-27 00:00:00+00:00,325.04,326.56,0.0,0.0
2026-07-28 00:00:00+00:00,327.9,333.71,0.0,0.0
2026-07-29 00:00:00+00:00,334.665,336.71,0.0,0.0
2026-07-30 00:00:00+00:00,334.195,333.66,0.0,0.0
2026-07-31 00:00:00+00:00,340.83,356.13,0.0,0.0
2026-08-03 00:00:00+00:00,365.445,373.51,0.0,0.0
2026-08-04 00:00:00+00:00,368.22,377.65,0.0,0.0
2026-08-05 00:00:00+00:00,383.34,362.43,0.0,0.0
2026-08-06 00:00:00+00:00,360.77,357.75,0.0,0.0
2026-08-07 00:00:00+00:00,356.72,354.3,0.0,0.0
2026-08-10 00:00:00+00:00,355.175,357.52,0.0,0.0
2026-08-11 00:00:00+00:00,355.89,343.8,0.0,0.0
2026-08-12 00:00:00+00:00,346.31,343.54,0.0,0.0
2026-08-13 00:00:00+00:00,345.77,346.36,0.0,0.0
2026-08-14 00:00:00+00:00,346.8,345.9,0.0,0.0
2026-08-17 00:00:00+00:00,346.265,344.0,0.0,0.0
2026-08-18 00:00:00+00:00,342.405,344.2,0.0,0.0
2026-08-19 00:00:00+00:00,342.455,344.72,0.0,0.0
2026-08-20 00:00:00+00:00,343.06,340.67,0.0,0.0
2026-08-21 00:00:00+00:00,342.575,344.82,0.0,0.0
2026-08-24 00:00:00+00:00,343.615,348.06,0.0,0.0
2026-08-25 00:00:00+00:00,349.64,346.96,0.0,0.0
2026-08-26 00:00:00+00:00,346.62,342.0,0.0,0.0
2026-08-27 00:00:00+00:00,339.67,340.65,0.0,0.0
2026-08-28 00:00:00+00:00,340.705,346.59,0.0,0.0
2026-08-31 00:00:00+00:00,343.825,339.35,0.0,0.0
2026-09-01 00:00:00+00:00,336.0,335.02,0.0,0.0
2026-09-02 00:00:00+00:00,334.06,337.12,0.0,0.0
2026-09-03 00:00:00+00:00,340.56,342.48,0.0,0.0
2026-09-04 00:00:00+00:00,342.465,338.46,0.22,0.0
2026-09-08 00:00:00+00:00,335.42,338.36,0.0,0.0
2026-09-09 00:00:00+00:00,331.65,330.65,0.0,0.0
2026-09-10 00:00:00+00:00,328.225,332.6,0.0,0.0
2026-09-11 00:00:00+00:00,335.03,338.5,0.0,0.0
2026-09-14 00:00:00+00:00,343.12,349.39,0.0,0.0
2026-09-15 00:00:00+00:00,346.8,344.98,0.0,0.0
2026-09-16 00:00:00+00:00,347.08,342.87,0.0,0.0
2026-09-17 00:00:00+00:00,348.675,347.33,0.0,0.0
2026-09-18 00:00:00+00:00,357.305,349.54,0.0,0.0
2026-09-21 00:00:00+00:00,350.64,354.97,0.0,0.0
2026-09-22 00:00:00+00:00,357.65,351.16,0.0,0.0
2026-09-23 00:00:00+00:00,349.86,337.83,0.0,0.0
2026-09-24 00:00:00+00:00,336.22,342.36,0.0,0.0
2026-09-25 00:00:00+00:00,342.35,343.92,0.0,0.0
