strategy,year,return_twr,ending_value
DCA,2021,0.1300236997387767,372.1166029693031
DCA,2022,-0.6549611083833763,968.0820660270472
DCA,2023,1.2894735277385276,3883.997351491961
DCA,2024,0.9460185250590909,9142.42535987396
DCA,2025,-0.07171305987300525,9578.627324162682
DCA,2026,-0.053205122703657515,10041.372734093507
SMA200,2021,0.0022993438228404717,356.2591021326218
SMA200,2022,-0.07090902801794197,1526.714108834834
SMA200,2023,0.7592031195596451,4242.324363398851
SMA200,2024,0.6959421560138375,8618.733048278318
SMA200,2025,-0.13041661943917837,8616.821644593618
SMA200,2026,0.20850821934065022,11365.434736844836
SMA50_200,2021,0.1300236997387767,372.1166029693031
SMA50_200,2022,-0.17124372171622515,1510.0946111840246
SMA50_200,2023,0.3116220959443121,3351.324306345151
SMA50_200,2024,0.5843518179089495,6644.268380979507
SMA50_200,2025,-0.2556297792702238,5991.835470823342
SMA50_200,2026,0.07987467795223346,7334.331141759911
Momentum90,2021,0.09043731870160765,363.20124990340855
Momentum90,2022,-0.36890262280370034,1231.3275121531208
Momentum90,2023,0.45014857372468864,3177.317657155597
Momentum90,2024,0.9402474738266737,7716.162275602086
Momentum90,2025,0.12887075588440622,9991.920863146112
Momentum90,2026,-0.08893582791544918,9897.791817463918
Donchian20_10,2021,-0.02270580782093623,390.59780486845153
Donchian20_10,2022,-0.31726134715121224,1191.245307515591
Donchian20_10,2023,0.45679267639316845,3126.358661661049
Donchian20_10,2024,0.33333627805708343,5507.305543191678
Donchian20_10,2025,-0.13014450176569203,5784.949525525447
Donchian20_10,2026,-0.03653182873670624,6420.298875820543
RSI14,2021,0.0,400.0
RSI14,2022,-0.22379045484719629,1408.490624314043
RSI14,2023,0.41943236754804025,3316.075329765624
RSI14,2024,0.09019112911387883,4904.312806823734
RSI14,2025,-0.022858225742563687,5952.000642352401
RSI14,2026,-0.10764393915188686,6133.808066239593
Bollinger20_2,2021,0.15471681303783558,412.2611257381743
Bollinger20_2,2022,-0.41220612655144595,1314.9297554004768
Bollinger20_2,2023,0.4137061102846411,3154.8375521425805
Bollinger20_2,2024,0.08767564703353292,4641.84136685002
Bollinger20_2,2025,0.14570987631624277,6552.960575363349
Bollinger20_2,2026,-0.3061528579960281,5268.034034173435
