asset,first_divergence_date,sma200_units,combined_units
BTC,2021-10-02 00:00:00+00:00,0.0012444560398411,0.0
BTC,2021-10-03 00:00:00+00:00,0.0012444560398411,0.0
BTC,2021-10-04 00:00:00+00:00,0.0012444560398411,0.0
BTC,2021-10-05 00:00:00+00:00,0.0012444560398411,0.0
BTC,2021-10-06 00:00:00+00:00,0.0012444560398411,0.0
BTC,2021-10-07 00:00:00+00:00,0.0012444560398411,0.0
BTC,2021-10-08 00:00:00+00:00,0.0012444560398411,0.0
BTC,2021-10-09 00:00:00+00:00,0.0012444560398411,0.0
BTC,2021-10-10 00:00:00+00:00,0.0012444560398411,0.0
BTC,2021-10-11 00:00:00+00:00,0.0012444560398411,0.0
BTC,2021-10-12 00:00:00+00:00,0.0012444560398411,0.0
BTC,2021-10-13 00:00:00+00:00,0.0012444560398411,0.0
BTC,2021-10-14 00:00:00+00:00,0.0012444560398411,0.0
BTC,2021-10-15 00:00:00+00:00,0.0012444560398411,0.0
BTC,2021-10-16 00:00:00+00:00,0.0012444560398411,0.0
BTC,2021-10-17 00:00:00+00:00,0.0012444560398411,0.0
BTC,2021-10-18 00:00:00+00:00,0.0012444560398411,0.0
BTC,2021-10-19 00:00:00+00:00,0.0012444560398411,0.0
BTC,2021-10-20 00:00:00+00:00,0.0012444560398411,0.0
BTC,2021-10-21 00:00:00+00:00,0.0012444560398411,0.0
ETH,2021-10-27 00:00:00+00:00,0.0227222021194466,0.0207012101558799
ETH,2021-10-28 00:00:00+00:00,0.0227222021194466,0.0207012101558799
ETH,2021-10-29 00:00:00+00:00,0.0227222021194466,0.0207012101558799
ETH,2021-10-30 00:00:00+00:00,0.0227222021194466,0.0207012101558799
ETH,2021-10-31 00:00:00+00:00,0.0227222021194466,0.0207012101558799
ETH,2021-11-01 00:00:00+00:00,0.0227222021194466,0.0207012101558799
ETH,2021-11-02 00:00:00+00:00,0.0227222021194466,0.0207012101558799
ETH,2021-11-03 00:00:00+00:00,0.0227222021194466,0.0207012101558799
ETH,2021-11-04 00:00:00+00:00,0.0227222021194466,0.0207012101558799
ETH,2021-11-05 00:00:00+00:00,0.0227222021194466,0.0207012101558799
ETH,2021-11-06 00:00:00+00:00,0.0227222021194466,0.0207012101558799
ETH,2021-11-07 00:00:00+00:00,0.0227222021194466,0.0207012101558799
ETH,2021-11-08 00:00:00+00:00,0.0227222021194466,0.0207012101558799
ETH,2021-11-09 00:00:00+00:00,0.0227222021194466,0.0207012101558799
ETH,2021-11-10 00:00:00+00:00,0.0227222021194466,0.0207012101558799
ETH,2021-11-11 00:00:00+00:00,0.0227222021194466,0.0207012101558799
ETH,2021-11-12 00:00:00+00:00,0.0227222021194466,0.0207012101558799
ETH,2021-11-13 00:00:00+00:00,0.0227222021194466,0.0207012101558799
ETH,2021-11-14 00:00:00+00:00,0.0227222021194466,0.0207012101558799
ETH,2021-11-15 00:00:00+00:00,0.0227222021194466,0.0207012101558799
