date,asset,buy_signal_bullish,prev_close,prev_sma200
2021-09-27 00:00:00+00:00,ETH,True,3059.37,2619.02635
2021-10-27 00:00:00+00:00,BTC,True,60328.81,45274.6629
2021-10-27 00:00:00+00:00,ETH,True,4131.52,2884.1942000000004
2021-11-27 00:00:00+00:00,BTC,True,53726.53,45969.865549999995
2021-11-27 00:00:00+00:00,ETH,True,4041.2,3143.64005
2021-12-27 00:00:00+00:00,BTC,True,50775.49,47572.8175
2021-12-27 00:00:00+00:00,ETH,True,4063.56,3331.78195
2023-01-27 00:00:00+00:00,BTC,True,23009.65,19618.40665
2023-01-27 00:00:00+00:00,ETH,True,1601.09,1424.7091500000001
2023-02-27 00:00:00+00:00,BTC,True,23554.85,19750.18965
2023-02-27 00:00:00+00:00,ETH,True,1641.36,1437.8598499999998
2023-03-27 00:00:00+00:00,BTC,True,27968.05,20180.413
2023-03-27 00:00:00+00:00,ETH,True,1773.88,1434.7667500000002
2023-04-27 00:00:00+00:00,BTC,True,28415.29,21548.8685
2023-04-27 00:00:00+00:00,ETH,True,1866.01,1508.5872
2023-05-27 00:00:00+00:00,BTC,True,26705.92,22725.271
2023-05-27 00:00:00+00:00,ETH,True,1827.79,1571.3878
2023-06-27 00:00:00+00:00,ETH,True,1858.97,1663.48375
2023-07-27 00:00:00+00:00,BTC,True,29351.96,26372.91665
2023-07-27 00:00:00+00:00,ETH,True,1872.0,1763.3978
2023-10-27 00:00:00+00:00,BTC,True,34151.66,28161.295799999996
2023-10-27 00:00:00+00:00,ETH,True,1803.38,1784.309
2023-11-27 00:00:00+00:00,ETH,True,2062.33,1788.6110499999998
2023-12-27 00:00:00+00:00,BTC,True,42508.93,31514.7784
2023-12-27 00:00:00+00:00,ETH,True,2230.88,1846.09405
2024-01-27 00:00:00+00:00,BTC,True,41823.51,33680.575600000004
2024-01-27 00:00:00+00:00,ETH,True,2267.68,1930.9963500000001
2024-02-27 00:00:00+00:00,BTC,True,54476.47,36470.8359
2024-03-27 00:00:00+00:00,BTC,True,69988.0,42218.6304
2024-03-27 00:00:00+00:00,ETH,True,3587.33,2323.7333
2024-04-27 00:00:00+00:00,BTC,True,63770.01,48441.767
2024-04-27 00:00:00+00:00,ETH,True,3131.3,2583.7343
2024-05-27 00:00:00+00:00,BTC,True,68507.67,53339.5837
2024-06-27 00:00:00+00:00,BTC,True,60864.99,57730.0123
2024-06-27 00:00:00+00:00,ETH,True,3371.44,3044.3970999999997
2024-07-27 00:00:00+00:00,BTC,True,67907.99,60550.78689999999
2024-07-27 00:00:00+00:00,ETH,True,3274.61,3197.4553
2024-09-27 00:00:00+00:00,BTC,True,65173.99,63859.8332
2024-10-27 00:00:00+00:00,BTC,True,67092.76,63284.24005
2024-11-27 00:00:00+00:00,ETH,True,3324.73,2967.8977999999997
2024-12-27 00:00:00+00:00,BTC,True,95791.6,70868.13345
2024-12-27 00:00:00+00:00,ETH,True,3335.05,2990.48885
2025-01-27 00:00:00+00:00,BTC,True,102620.0,76459.03945
2025-01-27 00:00:00+00:00,ETH,True,3232.61,2988.4488
2025-02-27 00:00:00+00:00,BTC,True,84250.09,81745.9936
2025-03-27 00:00:00+00:00,BTC,True,86909.17,85391.08844999998
2025-04-27 00:00:00+00:00,BTC,True,94628.0,89030.85469999998
2025-06-27 00:00:00+00:00,BTC,True,106947.06,96091.1312
2025-07-27 00:00:00+00:00,ETH,True,3741.1,2482.8584499999997
2025-08-27 00:00:00+00:00,BTC,True,111763.22,100923.1616
2025-09-27 00:00:00+00:00,ETH,True,4032.24,2930.3510000000006
2025-10-27 00:00:00+00:00,BTC,True,114559.4,108769.6563
2026-08-27 00:00:00+00:00,BTC,True,79023.75,69211.46495
2026-08-27 00:00:00+00:00,ETH,True,2506.78,2015.31885
