asset,strategy,contributions,final_value,cash,units,profit,return_pct,xirr,max_drawdown,trades,fees,slippage,market_time,usdt_time,vs_dca_usd,vs_dca_pct
TOTAL,DCA,6000.0,10041.372734093507,-7.105427357601002e-15,,4041.3727340935075,0.6735621223489179,0.20706201000040442,-0.765217170325555,120,5.994005994005986,2.9955052443808015,,,0.0,0.0
TOTAL,SMA200,6000.0,11365.434736844836,-7.105427357601002e-15,,5365.434736844836,0.8942391228074726,0.2584718963243119,-0.35561738751677374,129,206.8507502250318,103.42395268119162,,,1324.0620027513287,0.1318606566864844
TOTAL,SMA50_200,6000.0,7334.331141759911,-9.094947017729282e-13,,1334.3311417599107,0.22238852362665185,0.07961520123928041,-0.47035186655588457,80,44.52423416137787,22.260633776905916,,,-2707.041592333597,-0.26958879667342384
TOTAL,Momentum90,6000.0,9897.791817463918,0.0,,3897.791817463918,0.6496319695773196,0.2011300944850941,-0.5636238187095709,192,249.17356974055127,124.58537831001264,,,-143.5809166295894,-0.014298933067397157
TOTAL,Donchian20_10,6000.0,6420.298875820543,0.0,,420.2988758205429,0.07004981263675725,0.02670472310152206,-0.4470260678091066,164,210.96517199155153,105.48116510736006,,,-3621.0738582729646,-0.3606154212340231
TOTAL,RSI14,6000.0,6133.808066239593,6133.808066239593,,133.80806623959324,0.022301344373265586,0.008685097036964917,-0.4640366238602479,83,54.85276443836517,27.42643624099931,,,-3907.564667853914,-0.3891464614779757
TOTAL,Bollinger20_2,6000.0,5268.034034173435,5268.034034173435,,-731.9659658265646,-0.12199432763776075,-0.050967494731346596,-0.5069753563365251,161,213.7076872220486,106.85374075988986,,,-4773.338699920072,-0.475367146138609
TOTAL,DCA_REBALANCE,6000.0,10105.49860505369,-2.842170943040401e-14,,4105.49860505369,0.6842497675089483,0.20968691887548974,-0.7622769796510976,120,15.373846056723789,7.685428793180606,,,64.12587096018251,0.006386165782140019
TOTAL,DCA_SMA200_EXIT,6000.0,11365.43473684481,-1.4210854715202004e-14,,5365.434736844811,0.8942391228074684,0.2584718963243109,-0.35561738751677374,129,206.8507502250315,103.42395268119148,,,1324.0620027513032,0.13186065668648173
TOTAL,DCA_REBALANCE_SMA200_EXIT,6000.0,7841.601778152752,-4.547473508864641e-13,,1841.6017781527516,0.30693362969212523,0.10642617147354941,-0.41837361514755456,84,82.31682558715777,41.15694366202118,,,-2199.770955940756,-0.2190707400465144
