period_start,period_end,strategy,contributions,final_value
2020-09-27,2025-09-26,DCA,6000,16924.689792740497
2020-09-27,2025-09-26,SMA200,6000,15768.21172119576
2020-09-27,2025-09-26,DCA_SMA200_EXIT,6000,15768.211721195737
2020-09-27,2025-09-26,DCA_REBALANCE_SMA200_EXIT,6000,10872.848836593317
2021-09-27,2026-09-26,DCA,6000,10041.372734093507
2021-09-27,2026-09-26,SMA200,6000,11365.434736844836
2021-09-27,2026-09-26,DCA_SMA200_EXIT,6000,11365.43473684481
2021-09-27,2026-09-26,DCA_REBALANCE_SMA200_EXIT,6000,7841.601778152752
2022-09-27,2026-09-26,DCA,4800,7666.67933877052
2022-09-27,2026-09-26,SMA200,4800,7835.899979624555
2022-09-27,2026-09-26,DCA_SMA200_EXIT,4800,7835.899979624548
2022-09-27,2026-09-26,DCA_REBALANCE_SMA200_EXIT,4800,5824.896204964032
