start,end,window,dca_final,sma_final,difference_usd,difference_pct,dca_xirr,sma_xirr,dca_max_dd,sma_max_dd,sma_trades,sma_fees,sma_slippage
2020-01-27,2025-01-26,100,24732.854323532963,19157.475083129455,-5575.379240403508,-0.22542401161917702,0.6001978455671094,0.48376004293400515,-0.7684359342027147,-0.5711985698403234,220.0,601.3468553198495,300.67215316467684
2020-01-27,2025-01-26,150,24732.854323532963,27624.156027431243,2891.30170389828,0.11690125474710156,0.6001978455671094,0.6520167010965898,-0.7684359342027147,-0.5448715857078668,140.0,357.96919302617107,178.9832307511915
2020-01-27,2025-01-26,200,24732.854323532963,25700.10306146009,967.2487379271261,0.03910784923060029,0.6001978455671094,0.6180771973463648,-0.7684359342027147,-0.5149487812767297,123.0,278.82724622862037,139.41222767417864
2020-01-27,2025-01-26,250,24732.854323532963,20370.12455529286,-4362.729768240104,-0.1763941076582103,0.6001978455671094,0.5113359093328728,-0.7684359342027147,-0.532044859687842,137.0,271.79830551316866,135.89775468059938
2020-01-27,2025-01-26,300,24732.854323532963,18908.046756728523,-5824.80756680444,-0.23550891015689268,0.6001978455671094,0.4779035472821355,-0.7684359342027147,-0.5578531551668653,127.0,186.45837423287026,93.22775703796796
2020-02-27,2025-02-26,100,18357.558860591253,16269.594077422566,-2087.964783168687,-0.11373869472650777,0.46447749374222363,0.4112790881514116,-0.7683964591428845,-0.569275729080983,231.0,661.1542606544705,330.5799456593062
2020-02-27,2025-02-26,150,18357.558860591253,22733.182245033324,4375.623384442071,0.23835540540389388,0.46447749374222363,0.5609566099281146,-0.7683964591428845,-0.5439673894310265,144.0,355.3951867632833,177.70190995147712
2020-02-27,2025-02-26,200,18357.558860591253,20700.983939768834,2343.425079177581,0.12765450444548399,0.46447749374222363,0.5183226571979413,-0.7683964591428845,-0.5145025704260662,126.0,270.4613607223586,135.2318187149148
2020-02-27,2025-02-26,250,18357.558860591253,16470.594227666243,-1886.96463292501,-0.10278951832619843,0.46447749374222363,0.41664842255395,-0.7683964591428845,-0.532063447555885,142.0,282.76335616653415,141.38231493276083
2020-02-27,2025-02-26,300,18357.558860591253,15295.739283547788,-3061.819577043465,-0.16678794823947807,0.46447749374222363,0.384422821642062,-0.7683964591428845,-0.5578751156003254,132.0,191.8512227971458,95.92550563853617
2020-03-27,2025-03-26,100,17057.06622516401,15430.720671400397,-1626.3455537636128,-0.09534732012497504,0.4330463766115698,0.3891778275904338,-0.7683813933209936,-0.5669249087269623,231.0,613.5982097185429,306.8016926394148
2020-03-27,2025-03-26,150,17057.06622516401,20049.116345524337,2992.050120360327,0.17541411171554255,0.4330463766115698,0.505107712153781,-0.7683813933209936,-0.5428413795024359,148.0,380.7379892907376,190.37264970211493
2020-03-27,2025-03-26,200,17057.06622516401,18329.592984285544,1272.5267591215343,0.0746040815180864,0.4330463766115698,0.464923109023855,-0.7683813933209936,-0.5139520634672214,135.0,325.43816079026647,162.7200435212448
2020-03-27,2025-03-26,250,17057.06622516401,15511.527620203982,-1545.5386049600274,-0.09060987303197077,0.4330463766115698,0.3914497800988902,-0.7683813933209936,-0.5320858455903795,145.0,281.2583860183324,140.62970864913348
2020-03-27,2025-03-26,300,17057.06622516401,15056.967787833553,-2000.0984373304564,-0.11725922916214893,0.4330463766115698,0.37853339659646,-0.7683813933209936,-0.5578949685489789,133.0,179.43328975874078,89.71646868351964
2020-04-27,2025-04-26,100,16426.227744504507,14715.142863915718,-1711.084880588789,-0.1041678532164052,0.41624959279730567,0.3683922758375658,-0.7683104239675255,-0.563981864500712,229.0,577.0747805730795,288.5369937376968
2020-04-27,2025-04-26,150,16426.227744504507,18945.110457914827,2518.8827134103194,0.1533451716723595,0.41624959279730567,0.4794040684874817,-0.7683104239675255,-0.5414006744950197,149.0,362.8256579003551,181.41317583767716
2020-04-27,2025-04-26,200,16426.227744504507,17028.222279364192,601.9945348596848,0.036648373821621005,0.41624959279730567,0.4320641223857592,-0.7683104239675255,-0.5132558624228666,138.0,319.33760550684804,159.66956774789776
2020-04-27,2025-04-26,250,16426.227744504507,14616.69557192412,-1809.5321725803879,-0.11016115207496602,0.41624959279730567,0.3654944740164617,-0.7683104239675255,-0.5321133590957888,150.0,290.9710425051253,145.48591988961445
2020-04-27,2025-04-26,300,16426.227744504507,14528.396350955047,-1897.8313935494607,-0.11553665412829739,0.41624959279730567,0.3628809146090377,-0.7683104239675255,-0.557910929064408,136.0,184.0924549596948,92.04598725209607
2020-05-27,2025-05-26,100,18725.927106925206,16054.840094070134,-2671.0870128550723,-0.14264110917462947,0.4744134095116321,0.40642075345416306,-0.7682682768894658,-0.5605382586962707,227.0,532.7221608744492,266.35978020770995
2020-05-27,2025-05-26,150,18725.927106925206,18958.764814744543,232.83770781933708,0.012433974910285084,0.4744134095116321,0.4799370466904368,-0.7682682768894658,-0.5394922369119183,155.0,361.961569198384,180.9794203344394
2020-05-27,2025-05-26,200,18725.927106925206,17168.160226652777,-1557.7668802724293,-0.08318770394531427,0.4744134095116321,0.4358628196805646,-0.7682682768894658,-0.5123473259909087,139.0,295.7290818907816,147.86510124273687
2020-05-27,2025-05-26,250,18725.927106925206,14809.824574635462,-3916.102532289744,-0.20912729767283422,0.4744134095116321,0.3713271141987338,-0.7682682768894658,-0.5321479664655433,153.0,285.81726690837877,142.90886107488768
2020-05-27,2025-05-26,300,18725.927106925206,15206.488123930125,-3519.4389829950815,-0.1879447123177963,0.4744134095116321,0.382776845201252,-0.7682682768894658,-0.5579201470495712,139.0,179.80800993004533,89.90363575635845
2020-06-27,2025-06-26,100,17017.128163726884,14588.38128337768,-2428.7468803492047,-0.14272366388626234,0.43172950485240386,0.36461636871513664,-0.7681865998161703,-0.5547078671319228,227.0,484.00036418144236,241.99886359052817
2020-06-27,2025-06-26,150,17017.128163726884,16674.29250793608,-342.8356557908046,-0.02014650489155867,0.43172950485240386,0.4227791054741877,-0.7681865998161703,-0.5368448926182803,157.0,337.67972469723634,168.83848897817165
2020-06-27,2025-06-26,200,17017.128163726884,15654.424977195431,-1362.703186531453,-0.08007832892956301,0.43172950485240386,0.3951808881654608,-0.7681865998161703,-0.5111118771957727,142.0,286.0301119262897,143.01538708423016
2020-06-27,2025-06-26,250,17017.128163726884,13623.131843023086,-3393.996320703798,-0.19944589287035652,0.43172950485240386,0.3352182724978026,-0.7681865998161703,-0.5321928172166328,158.0,290.0430146443762,145.0215621856745
2020-06-27,2025-06-26,300,17017.128163726884,14246.032513591224,-2771.0956501356595,-0.16284155725185345,0.43172950485240386,0.354388922969131,-0.7681865998161703,-0.5579179882857656,144.0,181.9730984084374,90.98608840821808
2020-07-27,2025-07-26,100,19371.135359068914,16509.551801239966,-2861.583557828948,-0.14772410108059308,0.48952450183603957,0.4186044272947912,-0.7680959800287692,-0.5494070391198569,227.0,439.09646336934156,219.54689634551073
2020-07-27,2025-07-26,150,19371.135359068914,18873.48939954039,-497.64595952852324,-0.025690077029767,0.48952450183603957,0.47786759655093114,-0.7680959800287692,-0.5339541787940392,157.0,303.5834084400162,151.7903180634397
2020-07-27,2025-07-26,200,19371.135359068914,18066.221153144932,-1304.914205923982,-0.06736384738094692,0.48952450183603957,0.45838548778571964,-0.7680959800287692,-0.5093344858594986,144.0,278.82760392509476,139.41240652255
2020-07-27,2025-07-26,250,19371.135359068914,15513.390628924362,-3857.744730144552,-0.19914912877517454,0.48952450183603957,0.39141399716080205,-0.7680959800287692,-0.5322532489818796,160.0,274.04497396486994,137.0210897489509
2020-07-27,2025-07-26,300,19371.135359068914,15969.159369744477,-3401.9759893244373,-0.1756208877933294,0.48952450183603957,0.40403611620571117,-0.7680959800287692,-0.5578967280680309,146.0,170.85924169564447,85.42818491967886
2020-08-27,2025-08-26,100,18896.887016703145,15896.394484142276,-3000.492532560869,-0.15878237139845863,0.4781581083525734,0.4018188185617256,-0.7680352306937699,-0.5481705319425267,228.0,411.61135814155296,205.8068728036434
2020-08-27,2025-08-26,150,18896.887016703145,18312.724323879873,-584.1626928232727,-0.03091317063529697,0.4781581083525734,0.4641562672901248,-0.7680352306937699,-0.5335875171608307,157.0,275.29989938143353,137.64855292782985
2020-08-27,2025-08-26,200,18896.887016703145,18192.9748716088,-703.9121450943458,-0.037250164245155926,0.4781581083525734,0.46123876412788484,-0.7680352306937699,-0.5088803502114515,144.0,255.84760690496842,127.9223993949858
2020-08-27,2025-08-26,250,18896.887016703145,15654.980411277167,-3241.9066054259783,-0.17155770696837125,0.4781581083525734,0.395149486963616,-0.7680352306937699,-0.5323390867693891,162.0,252.26832252726223,126.13275586390068
2020-08-27,2025-08-26,300,18896.887016703145,15749.116403666258,-3147.770613036888,-0.16657614612684846,0.4781581083525734,0.3977606120744251,-0.7680352306937699,-0.5578430666986532,148.0,155.86540814907892,77.93126252370708
2020-09-27,2025-09-26,100,16924.689792740493,13762.543090263382,-3162.146702477112,-0.18683631671839862,0.4290367409054838,0.3393383933934354,-0.7679774567273545,-0.5483411250312812,225.0,453.314731794434,226.65827353299284
2020-09-27,2025-09-26,150,16924.689792740493,16061.223833107426,-863.4659596330675,-0.05101812619357038,0.4290367409054838,0.4060904010751949,-0.7679774567273545,-0.5342114610430657,158.0,261.7071690872362,130.85471704914815
2020-09-27,2025-09-26,200,16924.689792740493,15768.211721195737,-1156.478071544756,-0.06833082825782744,0.4290367409054838,0.398061226150641,-0.7679774567273545,-0.5089680007311397,144.0,236.62289303020407,118.31003524833412
2020-09-27,2025-09-26,250,16924.689792740493,13528.205610638692,-3396.4841821018017,-0.20068221182751933,0.4290367409054838,0.3319989133296064,-0.7679774567273545,-0.5324706115038982,162.0,230.4916710896543,115.24442197885045
2020-09-27,2025-09-26,300,16924.689792740493,14140.229522287807,-2784.460270452686,-0.1645206089181631,0.4290367409054838,0.35094132465657496,-0.7679774567273545,-0.5583500773672421,150.0,140.8715746025133,70.43434012773531
2020-10-27,2025-10-26,100,16602.197567246792,12310.781736644381,-4291.415830602411,-0.2584848067986263,0.4207624079902899,0.29210247760849917,-0.7678744984982434,-0.5495179440469087,225.0,438.35678780546493,219.18013598239764
2020-10-27,2025-10-26,150,16602.197567246792,14561.471014785173,-2040.7265524616196,-0.12291906202150094,0.4207624079902899,0.36372082840366643,-0.7678744984982434,-0.5348913332411747,161.0,272.2800956549098,136.1408819378873
2020-10-27,2025-10-26,200,16602.197567246792,14807.16566877563,-1795.031898471163,-0.10812013838532097,0.4207624079902899,0.37094252314401055,-0.7678744984982434,-0.5088618361054867,148.0,244.92547362684206,122.46132866012164
2020-10-27,2025-10-26,250,16602.197567246792,13054.930757704711,-3547.2668095420813,-0.21366248625665152,0.4207624079902899,0.31696494640147405,-0.7678744984982434,-0.5323825063157757,162.0,209.24965846414412,104.62340770033859
2020-10-27,2025-10-26,300,16602.197567246792,13970.716376616252,-2631.4811906305404,-0.15850198023314632,0.4207624079902899,0.3459131683075582,-0.7678744984982434,-0.5595863402347765,152.0,125.87774105594772,62.93741773176354
2020-11-27,2025-11-26,100,12132.809629365789,11587.309724165776,-545.499905200013,-0.04496072400902973,0.2857954519094771,0.2664760177686664,-0.7676928182072553,-0.5471145315307973,223.0,398.2512761165291,199.1271842303107
2020-11-27,2025-11-26,150,12132.809629365789,12556.297584885202,423.48795551941294,0.03490436003334452,0.2857954519094771,0.3002737026913153,-0.7676928182072553,-0.5335408397839232,163.0,268.2484328894083,134.12595611269768
2020-11-27,2025-11-26,200,12132.809629365789,11314.595652624495,-818.2139767412937,-0.06743812865578303,0.2857954519094771,0.2565150069608264,-0.7676928182072553,-0.5072977368984564,158.0,281.05609879336936,140.52948344199348
2020-11-27,2025-11-26,250,12132.809629365789,9768.897994908253,-2363.911634457536,-0.19483629156564153,0.2857954519094771,0.19567410531022797,-0.7676928182072553,-0.5314667696451878,168.0,220.8605429577985,110.43129652635784
2020-11-27,2025-11-26,300,12132.809629365789,10604.930848158676,-1527.8787812071132,-0.12592951079600667,0.2857954519094771,0.22956246896027557,-0.7676928182072553,-0.5614810148677569,160.0,159.5939484307516,79.79818529612126
2020-12-27,2025-12-26,100,11288.22897638391,11062.103038479969,-226.12593790394203,-0.020032011963703078,0.2556496490209312,0.24720716676700652,-0.7674710686642611,-0.5443179795821895,221.0,367.7885990941752,183.8957029939228
2020-12-27,2025-12-26,150,11288.22897638391,11928.708347351963,640.4793709680525,0.056738694112955956,0.2556496490209312,0.2787763597292723,-0.7674710686642611,-0.5316748736045552,161.0,248.05804429653773,124.0305973475161
2020-12-27,2025-12-26,200,11288.22897638391,10765.37920598927,-522.8497703946414,-0.04631814002785506,0.2556496490209312,0.23589403611298038,-0.7674710686642611,-0.5051601049446586,156.0,262.6306235573852,131.31660161030044
2020-12-27,2025-12-26,250,11288.22897638391,9213.713633256793,-2074.5153431271174,-0.18377686592531106,0.2556496490209312,0.17178406790602527,-0.7674710686642611,-0.5305656901603955,168.0,212.18814447687134,106.09495523761895
2020-12-27,2025-12-26,300,11288.22897638391,10060.290358964554,-1227.938617419357,-0.10878044908446893,0.2556496490209312,0.2078588536690639,-0.7674710686642611,-0.5637579272889598,162.0,156.03510461599592,78.01862589402032
2021-01-27,2026-01-26,100,11097.1344147263,10635.413687946526,-461.72072677977485,-0.04160720322239719,0.2483796716746491,0.2307163538746945,-0.767142387907148,-0.5297047746857302,223.0,360.6367070834948,180.31964763425808
2021-01-27,2026-01-26,150,11097.1344147263,11506.506501988388,409.372087262087,0.03688989174708346,0.2483796716746491,0.2635045134824611,-0.767142387907148,-0.5210857473592503,159.0,233.6221882334816,116.81255835205297
2021-01-27,2026-01-26,200,11097.1344147263,10374.30113586235,-722.8332788639509,-0.06513693101749984,0.2483796716746491,0.22042392597834234,-0.767142387907148,-0.4989109589890429,154.0,248.99457367663388,124.49847378686279
2021-01-27,2026-01-26,250,11097.1344147263,8899.328086659621,-2197.8063280666793,-0.1980516992882514,0.2483796716746491,0.15753392162581062,-0.767142387907148,-0.5280557896311642,166.0,200.0584632009335,100.03003145461207
2021-01-27,2026-01-26,300,11097.1344147263,9517.221990987711,-1579.9124237385895,-0.14237120725887475,0.2483796716746491,0.1849369441661775,-0.767142387907148,-0.5688361637282164,164.0,154.08571721419585,77.0437956949739
2021-02-27,2026-02-26,100,8137.112695851783,10435.328996688402,2298.2163008366188,0.28243633666376855,0.1211938757993392,0.22271714226494496,-0.7669978849017642,-0.5343719451204647,221.0,345.7892954097416,172.89588620841548
2021-02-27,2026-02-26,150,8137.112695851783,11267.18488644858,3130.0721905967966,0.38466619642523514,0.1211938757993392,0.2545697049780402,-0.7669978849017642,-0.5237321059414354,157.0,224.0795744689973,112.04118806091091
2021-02-27,2026-02-26,200,8137.112695851783,10193.619257123213,2056.5065612714297,0.25273172907139596,0.1211938757993392,0.21303912694143082,-0.7669978849017642,-0.4991345906366659,152.0,240.68553268061123,120.34390500247933
2021-02-27,2026-02-26,250,8137.112695851783,8761.461222545087,624.3485266933039,0.07672850924279206,0.1211938757993392,0.15109659461172267,-0.7669978849017642,-0.5299239552625702,164.0,192.66726516009604,96.33439519576875
2021-02-27,2026-02-26,300,8137.112695851783,9402.367515907583,1265.2548200557994,0.15549186392623193,0.1211938757993392,0.17985891419841823,-0.7669978849017642,-0.569644394608994,162.0,147.51078834946404,73.7563000833831
2021-03-27,2026-03-26,100,8245.818542167757,10307.396917428365,2061.5783752606076,0.250015006359652,0.12686545034093663,0.21815756207775439,-0.7667836536610334,-0.5276865619653857,219.0,334.27933707750844,167.14087074303555
2021-03-27,2026-03-26,150,8245.818542167757,11100.820221040774,2855.001678873017,0.3462362971332693,0.12686545034093663,0.24898005696428888,-0.7667836536610334,-0.518034679627295,155.0,216.61939123659374,108.31105205596296
2021-03-27,2026-03-26,200,8245.818542167757,10057.54929590806,1811.730753740303,0.21971508886296864,0.12686545034093663,0.20801440742768945,-0.7667836536610334,-0.5001651504726836,150.0,233.90125905570676,116.95173162842505
2021-03-27,2026-03-26,250,8245.818542167757,8661.876034405781,416.05749223802377,0.05045678486742999,0.12686545034093663,0.1468263552840811,-0.7667836536610334,-0.5305438584761608,162.0,186.62847129333818,93.3149711015383
2021-03-27,2026-03-26,300,8245.818542167757,9334.708977296343,1088.8904351285855,0.13205364992695134,0.12686545034093663,0.17734801938015765,-0.7667836536610334,-0.5732342050134719,160.0,141.92570582624555,70.9637398127285
2021-04-27,2026-04-26,100,9412.96131435752,10153.409954554349,740.4486401968279,0.0786626668769399,0.18066509456687657,0.21181220955399516,-0.7665581878337318,-0.51058492530417,224.0,361.24631999659135,180.6217954653245
2021-04-27,2026-04-26,150,9412.96131435752,10975.784862818002,1562.823548460481,0.1660288931684779,0.18066509456687657,0.24411783276655385,-0.7665581878337318,-0.5063048322296382,153.0,210.3029145346062,105.15278007744246
2021-04-27,2026-04-26,200,9412.96131435752,9957.601191438069,544.6398770805481,0.057860630559462,0.18066509456687657,0.20377795295006318,-0.7665581878337318,-0.5067373994401491,148.0,228.1463977761665,114.07427384354902
2021-04-27,2026-04-26,250,9412.96131435752,8592.84432062432,-820.1169937332015,-0.08712635337003705,0.18066509456687657,0.14349219202043695,-0.7665581878337318,-0.5351775504424319,160.0,181.50422532066125,90.75282893567436
2021-04-27,2026-04-26,300,9412.96131435752,9293.096667356278,-119.8646470012427,-0.012733999747604807,0.18066509456687657,0.1754181270152208,-0.7665581878337318,-0.5810854983939426,158.0,137.1787478841402,68.59024865848605
2021-05-27,2026-05-26,100,8836.072180073068,9489.515775145297,653.4435950722291,0.07395181725041389,0.1549086419022416,0.1840681180704391,-0.7664113583576997,-0.4914457074670254,222.0,354.4778528692704,177.23830690899078
2021-05-27,2026-05-26,150,8836.072180073068,10399.305981281423,1563.2338012083546,0.176915010351967,0.1549086419022416,0.22180814229725387,-0.7664113583576997,-0.3696678652802613,155.0,238.95346837824331,119.47627675608538
2021-05-27,2026-05-26,200,8836.072180073068,9898.712526966243,1062.6403468931749,0.12026161910374844,0.1549086419022416,0.20142492465635448,-0.7664113583576997,-0.35708516780941324,143.0,223.3441393209442,111.67312809292069
2021-05-27,2026-05-26,250,8836.072180073068,8558.073020427482,-277.9991596455857,-0.03146184797726348,0.1549086419022416,0.1419110702033956,-0.7664113583576997,-0.43940041028247323,158.0,177.2281989386242,88.61480544831832
2021-05-27,2026-05-26,300,8836.072180073068,9268.190932720045,432.11875264697665,0.04890394100916029,0.1549086419022416,0.17439918390994918,-0.7664113583576997,-0.554047495621955,156.0,133.42334032911623,66.71253724626068
2021-06-27,2026-06-26,100,6891.309745811108,9000.329505771213,2109.019759960105,0.3060404825428251,0.054816764646428665,0.1623226552946873,-0.7663043441625477,-0.4924826823566403,218.0,349.88736886733165,174.944565724026
2021-06-27,2026-06-26,150,6891.309745811108,10288.675319976423,3397.3655741653147,0.49299272554544626,0.054816764646428665,0.2172564200490053,-0.7663043441625477,-0.3686986109025334,152.0,238.7150969540336,119.35871016429856
2021-06-27,2026-06-26,200,6891.309745811108,9806.135982604836,2914.8262367937277,0.42297129926071153,0.054816764646428665,0.1974422428548433,-0.7663043441625477,-0.35646667783692654,141.0,217.4175080264892,108.70978707906403
2021-06-27,2026-06-26,250,6891.309745811108,8508.609743638435,1617.2999978273274,0.23468688209964816,0.054816764646428665,0.13947765426672082,-0.7663043441625477,-0.43915626023867615,149.0,172.28799355521804,86.14468853821548
2021-06-27,2026-06-26,300,6891.309745811108,9214.938498792559,2323.628752981451,0.33718245713652206,0.054816764646428665,0.17194299797971802,-0.7663043441625477,-0.553657672345084,151.0,129.33040245985933,64.66605346366833
2021-07-27,2026-07-26,100,7702.481216925686,8897.400315082437,1194.9190981567517,0.15513430860837385,0.09935153471331452,0.15770652992956125,-0.7660235993988886,-0.49172895182958154,218.0,338.28818472236856,169.14494356954515
2021-07-27,2026-07-26,150,7702.481216925686,10155.269450485335,2452.7882335596496,0.31844131319266467,0.09935153471331452,0.21195773417327188,-0.7660235993988886,-0.36818123053720864,146.0,231.21950154271568,115.61087629631488
2021-07-27,2026-07-26,200,7702.481216925686,9668.061055399487,1965.579838473801,0.2551878781806791,0.09935153471331452,0.19169866757827436,-0.7660235993988886,-0.3563766089596013,138.0,210.49573933929307,105.24886562106165
2021-07-27,2026-07-26,250,7702.481216925686,8395.08672734374,692.6055104180541,0.0899197921958057,0.09935153471331452,0.13409544241698806,-0.7660235993988886,-0.4391518210995409,148.0,165.91919394999178,82.96025796654072
2021-07-27,2026-07-26,300,7702.481216925686,9102.811360689739,1400.330143764053,0.1818024743360518,0.09935153471331452,0.16701739834111975,-0.7660235993988886,-0.5529402683554923,146.0,123.71391426778453,61.85777922965583
2021-08-27,2026-08-26,100,9413.566299016982,10474.193174539701,1060.6268755227193,0.1126700383077428,0.18064689521096594,0.2246272514831733,-0.7656819801052765,-0.49064678629607883,216.0,341.275543009646,170.63639948280868
2021-08-27,2026-08-26,150,9413.566299016982,11279.636098194302,1866.0697991773195,0.19823197074334997,0.18064689521096594,0.2554529052440145,-0.7656819801052765,-0.36840822395626105,144.0,233.41801494218385,116.70759500249439
2021-08-27,2026-08-26,200,9413.566299016982,10755.564523624878,1341.9982246078962,0.1425600226290471,0.18064689521096594,0.23562746325410444,-0.7656819801052765,-0.35663107570777464,134.0,213.23763889792298,106.61739941272108
2021-08-27,2026-08-26,250,9413.566299016982,8649.952115195878,-763.6141838211042,-0.08111847939083883,0.18064689521096594,0.1461449596301449,-0.7656819801052765,-0.4389900108385908,146.0,168.29113215881813,84.14412918822443
2021-08-27,2026-08-26,300,9413.566299016982,9028.905196767197,-384.6611022497855,-0.0408624202593606,0.18064689521096594,0.1635947639341403,-0.7656819801052765,-0.5519899698763695,146.0,127.64441880010216,63.82075726634508
2021-09-27,2026-09-26,100,10041.372734093507,11095.483051819843,1054.1103177263358,0.10497671440353074,0.20706201000040442,0.24843796030297255,-0.765217170325555,-0.48915873337621163,214.0,330.8207091180026,165.40897861642324
2021-09-27,2026-09-26,150,10041.372734093507,11896.966587787372,1855.5938536938647,0.1847948385974718,0.20706201000040442,0.27762831248670883,-0.765217170325555,-0.3670500188977307,140.0,225.8091523372475,112.90316084670201
2021-09-27,2026-09-26,200,10041.372734093507,11365.43473684481,1324.0620027513032,0.13186065668648173,0.20706201000040442,0.2584718963243109,-0.765217170325555,-0.35561738751677374,129.0,206.85075022503156,103.42395268119151
2021-09-27,2026-09-26,250,10041.372734093507,9181.891277805336,-859.4814562881711,-0.08559401976683634,0.20706201000040442,0.1703537835718589,-0.765217170325555,-0.4378293491642462,145.0,163.09775702074182,81.54743967167012
2021-09-27,2026-09-26,300,10041.372734093507,9587.968392909215,-453.4043411842922,-0.04515362124192912,0.20706201000040442,0.18806375294732705,-0.765217170325555,-0.5507482718811412,144.0,123.71961642277734,61.858354605881416
