scenario,strategy,fee,slippage,final_total
zero_costs,DCA,0.0,0.0,10056.439813881017
zero_costs,SMA200,0.0,0.0,11791.656499343419
zero_costs,SMA50_200,0.0,0.0,7408.578026854966
zero_costs,Momentum90,0.0,0.0,10457.39025329722
zero_costs,Donchian20_10,0.0,0.0,6742.154239531957
zero_costs,RSI14,0.0,0.0,6211.946112658345
zero_costs,Bollinger20_2,0.0,0.0,5530.6874737823255
baseline,DCA,0.001,0.0005,10041.372734093507
baseline,SMA200,0.001,0.0005,11365.434736844836
baseline,SMA50_200,0.001,0.0005,7334.331141759911
baseline,Momentum90,0.001,0.0005,9897.791817463916
baseline,Donchian20_10,0.001,0.0005,6420.298875820543
baseline,RSI14,0.001,0.0005,6133.808066239594
baseline,Bollinger20_2,0.001,0.0005,5268.034034173435
double_costs,DCA,0.002,0.001,10026.340738982593
double_costs,SMA200,0.002,0.001,10957.537668575595
double_costs,SMA50_200,0.002,0.001,7261.000330597743
double_costs,Momentum90,0.002,0.001,9376.814301180711
double_costs,Donchian20_10,0.002,0.001,6117.382056695036
double_costs,RSI14,0.002,0.001,6056.941372380349
double_costs,Bollinger20_2,0.002,0.001,5021.637747287129
