period,period_start,period_end,window,contributions,dca_final,sma_final,difference_usd,difference_pct,dca_xirr,sma_xirr,dca_max_dd,sma_max_dd,dca_trades,sma_trades,sma_fees,sma_slippage
early_5y,2020-09-27,2025-09-26,100,6000.0,16924.689792740493,13762.543090263382,-3162.146702477112,-0.18683631671839862,0.4290367409054838,0.3393383933934354,-0.7679774567273545,-0.5483411250312812,120.0,225.0,453.314731794434,226.65827353299284
early_5y,2020-09-27,2025-09-26,150,6000.0,16924.689792740493,16061.223833107426,-863.4659596330675,-0.05101812619357038,0.4290367409054838,0.4060904010751949,-0.7679774567273545,-0.5342114610430657,120.0,158.0,261.7071690872362,130.85471704914815
early_5y,2020-09-27,2025-09-26,200,6000.0,16924.689792740493,15768.211721195737,-1156.478071544756,-0.06833082825782744,0.4290367409054838,0.398061226150641,-0.7679774567273545,-0.5089680007311397,120.0,144.0,236.62289303020407,118.31003524833412
early_5y,2020-09-27,2025-09-26,250,6000.0,16924.689792740493,13528.205610638692,-3396.4841821018017,-0.20068221182751933,0.4290367409054838,0.3319989133296064,-0.7679774567273545,-0.5324706115038982,120.0,162.0,230.4916710896543,115.24442197885045
early_5y,2020-09-27,2025-09-26,300,6000.0,16924.689792740493,14140.229522287807,-2784.460270452686,-0.1645206089181631,0.4290367409054838,0.35094132465657496,-0.7679774567273545,-0.5583500773672421,120.0,150.0,140.8715746025133,70.43434012773531
main_5y,2021-09-27,2026-09-26,100,6000.0,10041.372734093507,11095.483051819843,1054.1103177263358,0.10497671440353074,0.20706201000040442,0.24843796030297255,-0.765217170325555,-0.48915873337621163,120.0,214.0,330.8207091180026,165.40897861642324
main_5y,2021-09-27,2026-09-26,150,6000.0,10041.372734093507,11896.966587787372,1855.5938536938647,0.1847948385974718,0.20706201000040442,0.27762831248670883,-0.765217170325555,-0.3670500188977307,120.0,140.0,225.8091523372475,112.90316084670201
main_5y,2021-09-27,2026-09-26,200,6000.0,10041.372734093507,11365.43473684481,1324.0620027513032,0.13186065668648173,0.20706201000040442,0.2584718963243109,-0.765217170325555,-0.35561738751677374,120.0,129.0,206.85075022503156,103.42395268119151
main_5y,2021-09-27,2026-09-26,250,6000.0,10041.372734093507,9181.891277805336,-859.4814562881711,-0.08559401976683634,0.20706201000040442,0.1703537835718589,-0.765217170325555,-0.4378293491642462,120.0,145.0,163.09775702074182,81.54743967167012
main_5y,2021-09-27,2026-09-26,300,6000.0,10041.372734093507,9587.968392909215,-453.4043411842922,-0.04515362124192912,0.20706201000040442,0.18806375294732705,-0.765217170325555,-0.5507482718811412,120.0,144.0,123.71961642277734,61.858354605881416
late_4y,2022-09-27,2026-09-26,100,4800.0,7666.679338770518,8286.553573500732,619.8742347302141,0.08085302741116362,0.23919258911270622,0.28096282037097625,-0.574152307051123,-0.38285738279867665,96.0,176.0,213.60146680700956,106.79961350377488
late_4y,2022-09-27,2026-09-26,150,4800.0,7666.679338770518,8212.610184436691,545.9308456661729,0.0712082534749292,0.23919258911270622,0.2761151840059496,-0.574152307051123,-0.2701249756173343,96.0,119.0,135.61327864428142,67.8054901768329
late_4y,2022-09-27,2026-09-26,200,4800.0,7666.679338770518,7835.899979624548,169.22064085402963,0.022072221019898253,0.23919258911270622,0.25085818176741764,-0.574152307051123,-0.3059390969864275,96.0,113.0,126.49387554051842,63.24578520517437
late_4y,2022-09-27,2026-09-26,250,4800.0,7666.679338770518,6628.138480606714,-1038.540858163804,-0.13546162716260823,0.23919258911270622,0.16264082678035913,-0.574152307051123,-0.320893519278345,96.0,121.0,100.34477619502337,50.17122572651215
late_4y,2022-09-27,2026-09-26,300,4800.0,7666.679338770518,7035.205478916176,-631.4738598543427,-0.08236601949177258,0.23919258911270622,0.1937331789373395,-0.574152307051123,-0.32827225003481353,96.0,114.0,80.42862104567459,40.21314068327773
oos_1y,2025-09-27,2026-09-26,100,1200.0,1297.0029465131217,1398.1338900724845,101.13094355936278,0.07797279399499013,0.1529953193028971,0.31925070456996124,-0.5968852841638101,-0.2570418037234067,24.0,29.0,6.230748595403816,3.1150766341582155
oos_1y,2025-09-27,2026-09-26,150,1200.0,1297.0029465131217,1373.830429323153,76.82748281003137,0.05923462472970886,0.1529953193028971,0.27869724402241003,-0.5968852841638101,-0.24249291949271468,24.0,19.0,4.48656898903669,2.242986176907136
oos_1y,2025-09-27,2026-09-26,200,1200.0,1297.0029465131217,1396.103128222268,99.10018170914623,0.07640705981090345,0.1529953193028971,0.31584797138043713,-0.5968852841638101,-0.27145280217727485,24.0,22.0,2.3636013189256926,1.1815015457385627
oos_1y,2025-09-27,2026-09-26,250,1200.0,1297.0029465131217,1298.7504407634406,1.747494250318823,0.0013473325215003218,0.1529953193028971,0.15581123279033254,-0.5968852841638101,-0.282332805481163,24.0,16.0,2.0577600976877437,1.0285808204291014
oos_1y,2025-09-27,2026-09-26,300,1200.0,1297.0029465131217,1221.8949669447077,-75.10797956841407,-0.05790887350744678,0.1529953193028971,0.03395150771380555,-0.5968852841638101,-0.36495347798364974,24.0,24.0,2.9221602427531526,1.4607812171119412
