asset,strategy,contributions,final_value,cash,units,profit,return_pct,xirr,max_drawdown,trades,fees,slippage,market_time,usdt_time
BTC,DCA,3600.0,7141.408487767947,0.0,0.08458067378513813,3541.408487767947,0.9837245799355407,0.2778183502572836,-0.7639260103183942,60,3.596403596403598,1.7973031466284848,1.0,0.0
ETH,DCA,2400.0,2899.9642463255614,-7.105427357601002e-15,1.0755227462237789,499.96424632556136,0.2083184359689838,0.07498991668062309,-0.7964324497417178,60,2.397602397602398,1.198202097752323,1.0,0.0
TOTAL,DCA,6000.0,10041.372734093507,-7.105427357601002e-15,,4041.3727340935075,0.6735621223489179,0.20706201000040442,-0.765217170325555,120,5.994005994005986,2.9955052443808015,,
BTC,SMA200,3600.0,7300.280276053628,0.0,0.08646230300739434,3700.280276053628,1.0278556322371188,0.2870776993502972,-0.3614264727524803,73,146.2643140781588,73.13131188798589,0.5339539978094195,0.46604600219058046
ETH,SMA200,2400.0,4065.154460791208,-7.105427357601002e-15,1.5076620668802438,1665.1544607912078,0.6938143586630032,0.21202345107599813,-0.3849021354164699,56,60.586436146872984,30.292640793205727,0.4644030668127054,0.5355969331872946
TOTAL,SMA200,6000.0,11365.434736844836,-7.105427357601002e-15,,5365.434736844836,0.8942391228074726,0.2584718963243119,-0.35561738751677374,129,206.8507502250318,103.42395268119162,,
BTC,SMA50_200,3600.0,4948.797722982949,-9.094947017729282e-13,0.058612057628855865,1348.7977229829494,0.37466603416193034,0.12679106928485082,-0.44630147455989944,41,30.534428419982348,15.266325660179694,0.5306681270536692,0.46933187294633083
ETH,SMA50_200,2400.0,2385.5334187769618,0.0,0.8847334780152881,-14.466581223038247,-0.006027742176265893,-0.0023783476339805194,-0.6151952316028793,39,13.989805741395521,6.994308116726225,0.46714129244249725,0.5328587075575028
TOTAL,SMA50_200,6000.0,7334.331141759911,-9.094947017729282e-13,,1334.3311417599107,0.22238852362665185,0.07961520123928041,-0.47035186655588457,80,44.52423416137787,22.260633776905916,,
BTC,Momentum90,3600.0,6318.9174008537975,0.0,0.07483933908447987,2718.9174008537975,0.7552548335704994,0.22675873681297276,-0.5751623548250278,103,161.73321958953986,80.86577044451745,0.5235487404162102,0.47645125958378975
ETH,Momentum90,2400.0,3578.8744166101196,0.0,1.3273132059540633,1178.8744166101196,0.49119767358754984,0.15979472965420802,-0.5641037245120137,89,87.4403501510114,43.719607865495206,0.49561883899233294,0.5043811610076671
TOTAL,Momentum90,6000.0,9897.791817463918,0.0,,3897.791817463918,0.6496319695773196,0.2011300944850941,-0.5636238187095709,192,249.17356974055127,124.58537831001264,,
BTC,Donchian20_10,3600.0,4856.0457498941705,0.0,0.057513531421849604,1256.0457498941705,0.3489015971928251,0.11915404918301038,-0.5496450564893248,85,140.38706670337902,70.19268599662767,0.452354874041621,0.547645125958379
ETH,Donchian20_10,2400.0,1564.2531259263721,0.0,0.5801415724063346,-835.7468740736279,-0.34822786419734497,-0.16632298707792464,-0.6233846784922894,79,70.57810528817254,35.28847911073238,0.35323110624315446,0.6467688937568455
TOTAL,Donchian20_10,6000.0,6420.298875820543,0.0,,420.2988758205429,0.07004981263675725,0.02670472310152206,-0.4470260678091066,164,210.96517199155153,105.48116510736006,,
BTC,RSI14,3600.0,4173.998628788651,4173.998628788651,0.0,573.9986287886513,0.15944406355240304,0.05853101306400488,-0.5027428851878413,44,37.16453227779015,18.58242357529123,0.4611171960569551,0.5388828039430449
ETH,RSI14,2400.0,1959.8094374509426,1959.8094374509426,0.0,-440.1905625490574,-0.1834127343954406,-0.0792005565022157,-0.5887472340605687,39,17.68823216057503,8.844012665708084,0.432092004381161,0.567907995618839
TOTAL,RSI14,6000.0,6133.808066239593,6133.808066239593,,133.80806623959324,0.022301344373265586,0.008685097036964917,-0.4640366238602479,83,54.85276443836517,27.42643624099931,,
BTC,Bollinger20_2,3600.0,3644.952277203393,3644.952277203393,0.0,44.952277203392896,0.012486743667609046,0.004884766204737855,-0.5255655773656558,80,135.1187221343786,67.55942297479488,0.25355969331872946,0.7464403066812706
ETH,Bollinger20_2,2400.0,1623.0817569700425,1623.0817569700425,0.0,-776.9182430299575,-0.3237159345958156,-0.15211254701139906,-0.594689000472898,81,78.58896508767005,39.29431778509498,0.27984665936473163,0.7201533406352684
TOTAL,Bollinger20_2,6000.0,5268.034034173435,5268.034034173435,,-731.9659658265646,-0.12199432763776075,-0.050967494731346596,-0.5069753563365251,161,213.7076872220486,106.85374075988986,,
TOTAL,DCA_REBALANCE,6000.0,10105.49860505369,-2.842170943040401e-14,,4105.49860505369,0.6842497675089483,0.20968691887548974,-0.7622769796510976,120,15.373846056723789,7.685428793180606,,
TOTAL,DCA_SMA200_EXIT,6000.0,11365.43473684481,-1.4210854715202004e-14,,5365.434736844811,0.8942391228074684,0.2584718963243109,-0.35561738751677374,129,206.8507502250315,103.42395268119148,,
TOTAL,DCA_REBALANCE_SMA200_EXIT,6000.0,7841.601778152752,-4.547473508864641e-13,,1841.6017781527516,0.30693362969212523,0.10642617147354941,-0.41837361514755456,84,82.31682558715777,41.15694366202118,,
