date,asset,side,units,price,notional,fee,slippage
2021-09-27 00:00:00+00:00,ETH,BUY,0.013055040899102241,3060.8896799999998,39.96003996003997,0.039960039960039974,0.019970034962538716
2021-10-27 00:00:00+00:00,BTC,BUY,0.002124523564985739,60358.97440499999,128.23406348179356,0.12823406348179356,0.06408498924627365
2021-10-27 00:00:00+00:00,ETH,BUY,0.007646169256777751,4133.58576,31.606096358366297,0.031606096358366295,0.01579515060388121
2021-11-27 00:00:00+00:00,BTC,BUY,0.0011995263523328263,53750.58186,64.47523939429279,0.06447523939429278,0.03222150894267506
2021-11-27 00:00:00+00:00,ETH,BUY,0.00876154531509043,4043.2205999999996,35.42486050580712,0.03542486050580712,0.017703578463671724
2021-12-14 00:00:00+00:00,BTC,SELL,0.0033240499173185652,46679.40862,155.1646843637905,0.15516468436379052,0.0776211527582744
2021-12-27 00:00:00+00:00,BTC,BUY,0.0044214889995357306,50800.86774,224.61547787927958,0.22461547787927957,0.11225161313307325
2021-12-27 00:00:00+00:00,ETH,BUY,0.007413241293436868,4065.601785,30.139287035232638,0.030139287035232637,0.015062112461385628
2021-12-29 00:00:00+00:00,BTC,SELL,0.0044214889995357306,47519.96813,210.10901634508352,0.21010901634508353,0.10510706170339344
2022-01-08 00:00:00+00:00,ETH,SELL,0.03687599676440729,3197.08066,117.89553607370912,0.11789553607370913,0.05897725666518715
2023-01-27 00:00:00+00:00,BTC,BUY,0.042379728811949506,23021.154825,975.6302984214029,0.9756302984214029,0.48757136352893704
2023-01-27 00:00:00+00:00,ETH,BUY,0.40603539571533964,1601.8805399999999,650.4201989476019,0.6504201989476018,0.325047575685958
2023-02-27 00:00:00+00:00,BTC,BUY,0.002567733366758207,23566.627425,60.51281558113154,0.06051281558113154,0.030241287146992275
2023-02-27 00:00:00+00:00,ETH,BUY,0.02398459854798675,1642.1906849999998,39.38728431896836,0.03938728431896836,0.019683800259354504
2023-03-27 00:00:00+00:00,BTC,BUY,0.0005299951484544785,27982.034024999997,14.830342277138143,0.014830342277138144,0.007411465405866139
2023-03-27 00:00:00+00:00,ETH,BUY,0.04793291767253776,1774.76694,85.06975762296176,0.08506975762296176,0.042513622000480644
2023-04-27 00:00:00+00:00,BTC,BUY,0.002748509832189409,28429.497645,78.13875380148815,0.07813875380148814,0.0390498519747567
2023-04-27 00:00:00+00:00,ETH,BUY,0.011656138425399741,1866.9430049999999,21.76134609861176,0.021761346098611762,0.010875235431590087
2023-05-27 00:00:00+00:00,BTC,BUY,0.0030575310409403623,26719.282965,81.69503705715654,0.08169503705715654,0.040827104976090225
2023-05-27 00:00:00+00:00,ETH,BUY,0.00995511809854087,1828.7139,18.20506284294326,0.01820506284294326,0.009097982430256502
2023-06-27 00:00:00+00:00,BTC,SELL,0.00012205907731396226,30252.856005,3.6926356900824624,0.0036926356900824626,0.0018472414657741184
2023-06-27 00:00:00+00:00,ETH,BUY,0.0556940622501951,1859.899485,103.58535769669581,0.10358535769669582,0.0517667954506226
2023-07-27 00:00:00+00:00,BTC,BUY,0.0028230892926220607,29366.625975,82.90460735045939,0.08290460735045939,0.04143158788128905
2023-07-27 00:00:00+00:00,ETH,BUY,0.009074300103160505,1872.9259949999998,16.99549254964049,0.01699549254964049,0.008493499525057716
2023-08-18 00:00:00+00:00,BTC,SELL,0.053984528415600065,26610.098295,1436.5336075483383,1.4365336075483384,0.7186261168325855
2023-08-18 00:00:00+00:00,ETH,SELL,0.5643325308131604,1680.649255,948.4450474834025,0.9484450474834025,0.47445975361851056
2023-10-27 00:00:00+00:00,BTC,BUY,0.04705905028411046,34168.735830000005,1607.9482575684572,1.6079482575684572,0.8035723426129221
2023-10-27 00:00:00+00:00,ETH,BUY,0.5941198465947812,1804.291695,1071.9655050456377,1.0719655050456376,0.5357148950752814
2023-10-28 00:00:00+00:00,ETH,SELL,0.5941198465947812,1778.5202950000003,1056.6542048311053,1.0566542048311054,0.5285913981146099
2023-11-27 00:00:00+00:00,BTC,SELL,0.00030809807298652625,37428.69629,11.531709201346944,0.011531709201346944,0.0057687389701585505
2023-11-27 00:00:00+00:00,ETH,BUY,0.5650712742788191,2063.37117,1165.951776342078,1.165951776342078,0.5826845458980899
2023-12-27 00:00:00+00:00,BTC,BUY,0.0005033867537912201,42530.184465,21.409131495978126,0.021409131495978128,0.010699216139919103
2023-12-27 00:00:00+00:00,ETH,BUY,0.03516627632721398,2231.99544,78.49096840412156,0.07849096840412156,0.03922587126642757
2024-01-27 00:00:00+00:00,BTC,BUY,0.0020567000211747268,41844.421755,86.0614231095527,0.08606142310955271,0.0430092069513007
2024-01-27 00:00:00+00:00,ETH,BUY,0.006099547513567729,2268.803835,13.838676790547177,0.013838676790547177,0.006915880455046066
2024-02-27 00:00:00+00:00,ETH,SELL,0.012878367865296832,3174.362025,40.88060189557858,0.04088060189557858,0.020450526210894736
2024-02-27 00:00:00+00:00,BTC,BUY,0.002581457317312955,54503.71824,140.6990222714116,0.1406990222714116,0.07031435395872643
2024-03-27 00:00:00+00:00,BTC,SELL,0.001648636882035278,69952.99600500001,115.32708922270946,0.11532708922270947,0.057692390806758115
2024-03-27 00:00:00+00:00,BTC,BUY,6.4877706134470706e-18,70022.983995,4.5429305782863555e-13,4.542930578286356e-16,2.2703301240811374e-16
2024-03-27 00:00:00+00:00,ETH,BUY,0.059902467777551024,3589.11366,214.99676536811822,0.21499676536811824,0.10744466035388217
2024-04-27 00:00:00+00:00,BTC,BUY,9.240620129353312e-05,63801.884999999995,5.895689828216851,0.005895689828216851,0.0029463717282443035
2024-04-27 00:00:00+00:00,ETH,BUY,0.030005886167471952,3132.86565,94.00441007188303,0.09400441007188304,0.04697871567810247
2024-05-27 00:00:00+00:00,ETH,SELL,0.03908617558268458,3824.556765,149.48729724273412,0.14948729724273413,0.07478103914093753
2024-05-27 00:00:00+00:00,BTC,BUY,0.0036341075255473558,68541.923835,249.08872122426715,0.24908872122426715,0.12448211955235741
2024-06-27 00:00:00+00:00,BTC,BUY,0.0008113672291901321,60895.41249,49.40854210240146,0.04940854210240146,0.024691925088656405
2024-06-27 00:00:00+00:00,ETH,BUY,0.014967309346539266,3373.455885,50.49155779769839,0.05049155779769839,0.02523316231769035
2024-07-05 00:00:00+00:00,BTC,SELL,0.05478174037739858,57021.49499,3123.736734473314,3.123736734473314,1.5626496920826982
2024-07-05 00:00:00+00:00,ETH,SELL,0.6592482179631817,3058.17015,2016.093221615696,2.016093221615696,1.0085508862509736
2024-07-27 00:00:00+00:00,BTC,BUY,0.04618172152188134,67941.954,3137.6763992804717,3.1376763992804717,1.568054172553959
2024-07-27 00:00:00+00:00,ETH,BUY,0.6384715375125549,3276.2373,2091.7842661869813,2.0917842661869814,1.0453694483693061
2024-08-02 00:00:00+00:00,ETH,SELL,0.6384715375125549,3201.7983000000004,2044.2570834060848,2.0442570834060847,1.0226398616338592
2024-08-04 00:00:00+00:00,BTC,SELL,0.04618172152188134,60667.641005,2801.7361022823793,2.8017361022823795,1.401568835558969
2024-09-27 00:00:00+00:00,BTC,BUY,0.046339906004949666,65206.576994999996,3021.666648852813,3.021666648852813,1.5100782852837646
2024-10-01 00:00:00+00:00,BTC,SELL,0.046339906004949666,63295.936200000004,2933.127734003291,2.9331277340032913,1.4672975157595252
2024-10-27 00:00:00+00:00,BTC,BUY,0.04506381009130983,67126.30638,3024.967122839399,3.0249671228393993,1.5117276975709142
2024-11-27 00:00:00+00:00,BTC,SELL,0.004202932568353864,91919.17742,386.33010443481515,0.38633010443481514,0.19326168305893707
2024-11-27 00:00:00+00:00,ETH,BUY,0.7521949500577002,3326.40237,2502.1030645739656,2.5021030645739657,1.250426319127419
2024-12-27 00:00:00+00:00,BTC,SELL,5.129744016562391e-06,95743.70420000001,0.49114069374346947,0.0004911406937434695,0.00024569319346846895
2024-12-27 00:00:00+00:00,BTC,BUY,4.740144488830205e-18,95839.4958,4.5429305782863555e-13,4.542930578286356e-16,2.2703301240811374e-16
2024-12-27 00:00:00+00:00,ETH,BUY,0.03008662242405804,3336.70752,100.39025929375508,0.10039025929375509,0.050170044624565265
2025-01-27 00:00:00+00:00,BTC,SELL,0.0009721316324247295,102568.699995,99.7102777618217,0.0997102777618217,0.04988007892037104
2025-01-27 00:00:00+00:00,BTC,BUY,4.424731831698589e-18,102671.32000499999,4.5429305782863555e-13,4.542930578286356e-16,2.2703301240811374e-16
2025-01-27 00:00:00+00:00,ETH,BUY,0.061656525401283475,3234.226305,199.4111563277317,0.1994111563277317,0.09965575028872149
2025-02-03 00:00:00+00:00,ETH,SELL,0.8439380978830417,2868.24516,2420.6213645926405,2.4206213645926407,1.2109161403665034
2025-02-27 00:00:00+00:00,BTC,BUY,0.0019773412221829115,84292.21504499999,166.6744715175851,0.1666744715175851,0.08329558796481014
2025-03-10 00:00:00+00:00,BTC,SELL,0.0418609573686976,80694.11276,3377.932814151237,3.377932814151237,1.6898113127319845
2025-03-27 00:00:00+00:00,BTC,BUY,0.040160451132805836,86952.624585,3492.0566305151037,3.492056630515104,1.7451557373888575
2025-03-29 00:00:00+00:00,BTC,SELL,0.040160451132805836,84382.16781000001,3388.825926813727,3.3888259268137273,1.6952605937037153
2025-04-27 00:00:00+00:00,BTC,BUY,0.036820535283894014,94675.314,3485.995739650745,3.485995739650745,1.7421268064221613
2025-05-27 00:00:00+00:00,BTC,SELL,0.0014253802781338215,109380.06261000001,155.90818406533663,0.15590818406533663,0.07799308857695678
2025-06-27 00:00:00+00:00,BTC,BUY,0.0008877148939344461,107000.53352999999,94.98596727351308,0.09498596727351309,0.047469249012250414
2025-07-27 00:00:00+00:00,BTC,SELL,0.0008412040618123242,117861.03000500001,99.14517716959021,0.09914517716959022,0.049597387278434324
2025-07-27 00:00:00+00:00,ETH,BUY,0.7435932982835205,3742.980555,2783.255256303532,2.783255256303532,1.390932162070731
2025-08-27 00:00:00+00:00,ETH,SELL,0.09306740664799766,4598.329685000001,427.95461869545403,0.42795461869545404,0.21408435152348876
2025-08-27 00:00:00+00:00,BTC,BUY,0.00471296636106417,111819.10161,526.9996644123463,0.5269996644123464,0.2633681481321071
2025-09-27 00:00:00+00:00,BTC,SELL,0.0011604085729774345,109588.63827000001,127.16759534943098,0.12716759534943098,0.06361560547745422
2025-09-27 00:00:00+00:00,ETH,BUY,0.05622191734815827,4034.2561199999996,226.81361413994165,0.22681361413994167,0.11335013200396885
2025-10-18 00:00:00+00:00,BTC,SELL,0.03899422362596905,106378.46416,4148.145620442174,4.148145620442174,2.075110365403789
2025-10-27 00:00:00+00:00,ETH,SELL,0.015820882326408013,4156.380770000001,65.75761106591514,0.06575761106591514,0.032895253159537334
2025-10-27 00:00:00+00:00,BTC,BUY,0.03756332481258559,114616.689705,4305.3839443322495,4.30538394433225,2.151616164084083
2025-10-31 00:00:00+00:00,BTC,SELL,0.03756332481258559,108268.70856500001,4066.932666866263,4.066932666866263,2.0344835752207415
2025-11-05 00:00:00+00:00,ETH,SELL,0.6909269266572732,3285.4064750000002,2269.9757985916553,2.2699757985916555,1.1355556771343949
2026-08-27 00:00:00+00:00,BTC,BUY,0.05557510379671856,79063.261875,4393.948985210266,4.393948985210266,2.195876554327969
2026-08-27 00:00:00+00:00,ETH,BUY,1.1679666367892778,2508.03339,2929.2993234735113,2.9292993234735114,1.463917702885313
