date,side,units,price,gross_value,fee,slippage
2021-09-27 00:00:00+00:00,BUY,0.0013880643102348689,43182.480449999995,59.94005994005995,0.05994005994005996,0.02995505244380808
2021-10-02 00:00:00+00:00,SELL,0.0013880643102348689,48117.529200000004,66.79022497920417,0.06679022497920417,0.03341181839880148
2021-11-19 00:00:00+00:00,BUY,0.0022241161550812455,56920.06581,126.59683791630866,0.12659683791630866,0.06326678556537164
2021-11-27 00:00:00+00:00,BUY,0.0011151518340058386,53750.58186,59.94005994005995,0.05994005994005996,0.029955052443808076
2021-12-24 00:00:00+00:00,SELL,0.003339267989087084,50813.400590000005,169.67956200684577,0.16967956200684578,0.08488222211448011
2022-01-06 00:00:00+00:00,BUY,0.005274108316457962,43472.865569999994,229.28060184299596,0.22928060184299598,0.1145830094167896
2022-01-27 00:00:00+00:00,BUY,0.0016276717539162443,36825.643619999995,59.940059940059946,0.05994005994005995,0.029955052443808073
2022-02-05 00:00:00+00:00,SELL,0.006901780070374206,41550.91415,286.77527118629956,0.2867752711862996,0.1434593652757877
2022-04-12 00:00:00+00:00,BUY,0.01026751463149874,39550.21522499999,406.08241350161165,0.40608241350161167,0.2029397368823647
2022-04-27 00:00:00+00:00,BUY,0.0015719221992393129,38131.696319999995,59.94005994006001,0.05994005994006001,0.029955052443808104
2022-05-05 00:00:00+00:00,SELL,0.011839436830738053,39670.155,469.67229418808733,0.46967229418808737,0.23495362390599667
2022-05-06 00:00:00+00:00,BUY,0.012817006065083085,36571.246484999996,468.7338880058934,0.4687338880058934,0.23424981909340006
2022-05-27 00:00:00+00:00,BUY,0.0020516210684648536,29215.950674999996,59.94005994005995,0.05994005994005996,0.029955052443808076
2022-05-31 00:00:00+00:00,SELL,0.014868627133547939,31718.362885000002,471.6085110236309,0.47160851102363094,0.23592221662012552
2022-06-13 00:00:00+00:00,BUY,0.017702327031407443,26587.817264999998,470.66623627633095,0.470666236276331,0.235215510382974
2022-06-27 00:00:00+00:00,BUY,0.0028476983112344944,21048.59904,59.94005994006,0.059940059940060006,0.0299550524438081
2022-07-07 00:00:00+00:00,SELL,0.02055002534264194,20554.227745,422.3899010581841,0.4223899010581841,0.21130060082950677
2022-08-20 00:00:00+00:00,BUY,0.023098607755292027,20844.807194999998,481.486025131994,0.481486025131994,0.24062270121538934
2022-08-27 00:00:00+00:00,BUY,0.002960111194824293,20249.25957,59.940059940059946,0.05994005994005995,0.029955052443808073
2022-09-10 00:00:00+00:00,SELL,0.02605871895011632,21350.93919,556.3781236732342,0.5563781236732342,0.2783282259495919
2022-11-09 00:00:00+00:00,BUY,0.03638691654489872,18554.65269,675.1465989506105,0.6751465989506105,0.33740459717671695
2022-11-27 00:00:00+00:00,BUY,0.0036402676261994386,16465.838805,59.940059940059946,0.05994005994005995,0.029955052443808073
2022-12-01 00:00:00+00:00,SELL,0.04002718417109816,17156.947235,686.7442867891583,0.6867442867891583,0.34354391535225526
2023-02-10 00:00:00+00:00,BUY,0.03692339399286614,21808.728915,805.2522902121572,0.8052522902121572,0.4024249326397587
2023-02-16 00:00:00+00:00,SELL,0.03692339399286614,24310.708565,897.6338705912405,0.8976338705912404,0.449041456023632
2023-03-10 00:00:00+00:00,BUY,0.04691547748805037,20372.391105,955.780456264385,0.955780456264385,0.47765140243097703
2023-03-14 00:00:00+00:00,SELL,0.04691547748805037,24100.213865,1130.673041040607,1.130673041040607,0.5656193301853962
2023-06-06 00:00:00+00:00,BUY,0.050822845892594656,25741.0641,1308.2341338657006,1.3082341338657006,0.6537901718469269
2023-06-07 00:00:00+00:00,SELL,0.050822845892594656,27216.454965,1383.2176964289376,1.3832176964289378,0.6919548256272825
2023-06-15 00:00:00+00:00,BUY,0.05490811834469421,25141.164299999997,1380.454024707801,1.380454024707801,0.6898820713182414
2023-06-20 00:00:00+00:00,SELL,0.05490811834469421,26830.927825,1473.2357603130488,1.4732357603130488,0.7369863733431959
2023-07-25 00:00:00+00:00,BUY,0.0524212142813989,29191.088249999997,1530.2322922604753,1.5302322922604754,0.7647337792406175
2023-07-27 00:00:00+00:00,BUY,0.00204109454014525,29366.625975,59.94005994006017,0.05994005994006017,0.029955052443808184
2023-08-09 00:00:00+00:00,SELL,0.054462308821544146,29755.524795,1620.554580532404,1.6205545805324042,0.810682631581993
2023-08-17 00:00:00+00:00,BUY,0.05626452349836888,28744.875254999995,1617.3167092426293,1.6173167092426293,0.8082542275075609
2023-08-27 00:00:00+00:00,BUY,0.002302695539966597,26030.38869,59.94005994005995,0.05994005994005996,0.029955052443808073
2023-08-30 00:00:00+00:00,SELL,0.05856721903833548,27702.48183,1622.4573212431187,1.6224573212431188,0.8116344778604896
2024-04-14 00:00:00+00:00,BUY,0.031877864382311986,63956.48225999999,2038.796067854022,2.038796067854022,1.018888589632195
2024-04-23 00:00:00+00:00,SELL,0.031877864382311986,66785.91034000002,2128.9921924677683,2.128992192467768,1.0650286105391535
2024-05-02 00:00:00+00:00,BUY,0.03741262487395011,58394.152485,2184.6785217535466,2.1846785217535465,1.0917933641946762
2024-05-05 00:00:00+00:00,SELL,0.03741262487395011,63860.083985000005,2389.1733665497545,2.3891733665497545,1.1951842754125834
2024-06-15 00:00:00+00:00,BUY,0.03699228793085918,66077.01199500001,2444.339853329876,2.444339853329876,1.2215591470913925
2024-06-27 00:00:00+00:00,BUY,0.0009843115842248882,60895.41249,59.940059940059946,0.05994005994005995,0.02995505244380807
2024-07-15 00:00:00+00:00,SELL,0.037976599515084065,60767.51104500001,2307.743430484413,2.307743430484413,1.1544489397120623
2024-08-03 00:00:00+00:00,BUY,0.03840577922274303,61529.08916999999,2363.072614439489,2.363072614439489,1.1809458343025934
2024-08-22 00:00:00+00:00,SELL,0.03840577922274303,61125.451985,2347.57061382629,2.34757061382629,1.1743724931597248
2024-09-07 00:00:00+00:00,BUY,0.04450495243836344,53989.951485,2402.8202229894746,2.4028202229894746,1.2008097066414167
2024-09-14 00:00:00+00:00,SELL,0.04450495243836344,60467.741005,2691.113937482804,2.691113937482804,1.3462300837832937
2025-02-05 00:00:00+00:00,BUY,0.030522192857680677,97812.02157,2985.437386159162,2.985437386159162,1.491972706726218
2025-02-21 00:00:00+00:00,SELL,0.030522192857680677,98255.857495,2998.9842318591795,2.9989842318591795,1.5002422370481137
2025-02-25 00:00:00+00:00,BUY,0.032675067208354225,91598.65644,2992.992255371949,2.992992255371949,1.4957482535591948
2025-02-27 00:00:00+00:00,BUY,0.0007110984081751859,84292.21504499999,59.940059940059946,0.05994005994005995,0.029955052443808073
2025-03-03 00:00:00+00:00,SELL,0.03338616561652941,94222.855005,3145.7398420591676,3.1457398420591676,1.573656749404286
2025-04-07 00:00:00+00:00,BUY,0.04077261009313779,78469.215,3199.394707509599,3.1993947075095988,1.5988979048023986
2025-04-12 00:00:00+00:00,SELL,0.04077261009313779,83382.11808500001,3399.7065894196785,3.3997065894196785,1.7007036465331058
2025-06-06 00:00:00+00:00,BUY,0.034588551674312705,101559.444345,3512.7940887415175,3.5127940887415177,1.7555192847283947
2025-06-10 00:00:00+00:00,SELL,0.034588551674312705,110207.88849000001,3811.931245953258,3.811931245953258,1.9069190825178879
2025-08-01 00:00:00+00:00,BUY,0.0338812725104294,115821.952035,3924.1951195877173,3.924195119587717,1.9611170012932124
2025-08-08 00:00:00+00:00,SELL,0.0338812725104294,117413.28399000001,3978.1114712096273,3.9781114712096275,1.9900507609853062
2025-08-26 00:00:00+00:00,BUY,0.03603766917086027,110167.03598999999,3970.1631965418765,3.9701631965418764,1.9840895534941914
2025-08-27 00:00:00+00:00,BUY,0.0005360449071493877,111819.10161,59.940059940060394,0.059940059940060395,0.029955052443808295
2025-09-09 00:00:00+00:00,SELL,0.03657371407800966,112009.197385,4096.592359266338,4.096592359266338,2.0493208400531953
2025-09-26 00:00:00+00:00,BUY,0.03749147482096384,109048.987245,4088.4073595475247,4.088407359547525,2.043182088729398
2025-09-27 00:00:00+00:00,BUY,0.0005464083757263377,109698.28173,59.94005994005949,0.05994005994005949,0.02995505244380784
2025-09-30 00:00:00+00:00,SELL,0.03803788319669018,114254.81401500001,4346.01127016213,4.34601127016213,2.174092681421776
2025-11-05 00:00:00+00:00,BUY,0.04330236850476837,101547.97861499999,4397.267990901067,4.397267990901066,2.1975352278366156
2025-11-27 00:00:00+00:00,BUY,0.0006621070937021587,90529.25200499999,59.94005994006086,0.059940059940060866,0.02995505244380853
2025-12-03 00:00:00+00:00,SELL,0.043964475598470526,91232.24106000001,4010.9776358761515,4.010977635876151,2.0064920639700605
2025-12-16 00:00:00+00:00,BUY,0.04629025719315398,86475.29604,4002.96369454573,4.0029636945457305,2.0004816064696302
2025-12-27 00:00:00+00:00,BUY,0.000685709128987443,87413.24478,59.94005994005994,0.059940059940059943,0.02995505244380807
2025-12-31 00:00:00+00:00,SELL,0.046975966322141426,88441.25725000001,4154.613522063847,4.154613522063848,2.0783459339989228
2026-02-01 00:00:00+00:00,BUY,0.05339207327044707,78780.47055,4206.252655885898,4.206252655885899,2.1020752902978
2026-02-27 00:00:00+00:00,BUY,0.0008877518887864912,67518.932595,59.940059940059044,0.05994005994005905,0.02995505244380762
2026-03-03 00:00:00+00:00,SELL,0.05427982515923356,68795.64497000001,3734.215580688306,3.734215580688306,1.8680418112497779
2026-05-23 00:00:00+00:00,BUY,0.05089671462202088,75577.26974999999,3846.634730377241,3.846634730377241,1.9223561870950732
2026-05-27 00:00:00+00:00,BUY,0.0007890174765895085,75967.97500499999,59.94005994005994,0.059940059940059943,0.02995505244380807
2026-06-21 00:00:00+00:00,SELL,0.05168573209861039,64265.860995,3321.6280744741052,3.321628074474105,1.6616448596668858
2026-06-26 00:00:00+00:00,BUY,0.055411902932284755,59824.537319999996,3314.9914549446867,3.314991454944687,1.6566673937754557
2026-06-27 00:00:00+00:00,BUY,0.000996885630372497,60127.318634999996,59.94005994005995,0.05994005994005996,0.029955052443808073
2026-07-04 00:00:00+00:00,SELL,0.056408788562657255,62551.96837,3528.4807579613544,3.5284807579613546,1.7651229404509028
